Id,Name,Description,DRSSKUCode__c,DrinkType__c,Family,FocusFiveGroup__c,FocusFiveProduct__c,HeightDimension__c,InnerPackCode__c,IsActive,LoyaltyProduct__c,Multiple__c,OffSale__c,OuterPackCode__c,PackPrice__c,PackSize__c,PackagingType__c,PacksPerCase__c,PriceMarkedPack__c,ProductCategory__c,ProductCode,WeightUnit__c,StockKeepingUnit,aforza__Endorsed_Message__c,aforza__Endorsed__c,aforza__Height__c,aforza__Parent_Product__c,aforza__Type__c,aforza__Typical_Quantity__c,aforza__Weight__c,aforza__Width__c,aforza__Parent_Product__r.StockKeepingUnit
01t2z000001oCpfAAE,330MLX6+2 SF IRN-BRU £3,,,CARBONATES,Product,,false,,,true,,6X330ML,No,,3,330ML,Cans,6,No,Soft Drinks,1610226,,,,false,,01t2z0000023JiJAAU,Regular,6,8.72,,
01t2z000001oCpgAAE,330MLX6 SF IRN-BRU £3,,,CARBONATES,Product,,false,,,true,,6X330ML,No,,3,330ML,Cans,6,Yes,Soft Drinks,1610232,,,PMP - 3,true,,01t2z0000023JiJAAU,Regular,6,8.72,,
01t2z000001oCphAAE,330MLX6+2 IRN-BRU XTRA £3,,,CARBONATES,Product,,false,,,true,,6X330ML,No,,3,330ML,Cans,6,No,Soft Drinks,1612826,,,,false,,01t2z0000023JiJAAU,Regular,6,8.72,,
01t2z000001oCpiAAE,330MLX6 IRN-BRU XTRA £3,,,CARBONATES,Product,,false,,,true,,6X330ML,No,,3,330ML,Cans,6,Yes,Soft Drinks,1612832,,,PMP - 3,true,,01t2z0000023JiJAAU,Regular,6,8.72,,
01t2z000001oCpjAAE,330MLX18 IRN-BRU,,,CARBONATES,Product,,false,,,true,,18x330ml,No,,NON PMP,330ML,Cans,18,No,Soft Drinks,1680107,,,,false,,01t2z0000023JiJAAU,Regular,18,6.57,,
01t2z000001oCpkAAE,330MLX18 SF IRN-BRU,,,CARBONATES,Product,,false,,,true,,18x330ml,No,,NON PMP,330ML,Cans,18,No,Soft Drinks,1680200,,,,false,,01t2z0000023JiJAAU,Regular,18,6.62,,
01t2z000001oCplAAE,330MLX18 IRN-BRU XTRA,,,CARBONATES,Product,,false,,,true,,18x330ml,No,,NON PMP,330ML,Cans,18,No,Soft Drinks,1682800,,,,false,,01t2z0000023JiJAAU,Regular,18,6.62,,
01t2z000001oCpmAAE,330MLX8 IRN-BRU RS,,,CARBONATES,Product,,false,,,true,,8X330ML,No,,NON PMP,330ML,Cans,8,No,Soft Drinks,1690140,,,,false,,01t2z0000023JiJAAU,Regular,8,8.77,,
01t2z000001oCpnAAE,330MLX8 SF IRN-BRU,,,CARBONATES,Product,,false,,,true,,8X330ML,No,,NON PMP,330ML,Cans,8,No,Soft Drinks,1690200,,,,false,,01t2z0000023JiJAAU,Regular,8,8.72,,
01t2z000001oCpoAAE,330MLX8 IRN-BRU XTRA,,,CARBONATES,Product,,false,,,true,,8X330ML,No,,NON PMP,330ML,Cans,8,No,Soft Drinks,1692800,,,,false,,01t2z0000023JiJAAU,Regular,8,8.72,,
01t2z000001oCppAAE,200ML FUNKIN STR DAIQ DDP 1.99,,,COCKTAIL MIXERS,Product,,false,,,true,,12x200ML,No,,1.99,200ML,Cans,12,Yes,Soft Drinks,2154303,,,,false,,,,12,2.94,,
01t2z000001oCpqAAE,200ML FUNKIN P/COLADA DDP 1.99,,,COCKTAIL MIXERS,Product,,false,,,true,,12x200ML,No,,1.99,200ML,Cans,12,Yes,Soft Drinks,2155603,,,,false,,,,12,2.94,,
01t2z000001oCprAAE,200ML FUNKIN NITRO P/FRUIT DDP,,,COCKTAIL MIXERS,Product,,false,,,true,,12x200ML,No,,NON PMP,200ML,Cans,12,No,Soft Drinks,2158300,,,,false,,,,12,2.94,,
01t2z000001oCpsAAE,200ML FUNKIN P/FRUIT DDP 1.99,,,COCKTAIL MIXERS,Product,,false,,,true,,12x200ML,No,,1.99,200ML,Cans,12,Yes,Soft Drinks,2158303,,,,false,,,,12,2.94,,
01t2z000001oCptAAE,250ML IRN-BRU,,,CARBONATES,Product,,false,,,true,,24X250ML,No,,NON PMP,250ML,PET,24,No,Soft Drinks,2210108,,,,false,,01t2z0000023JiJAAU,Regular,24,6.85,,
01t2z000001oCpuAAE,250ML IRN-BRU 49P,,,CARBONATES,Product,,false,,,true,,24X250ML,No,,49P,250ML,PET,24,Yes,Soft Drinks,2210110,,,PMP - 49P,true,,01t2z0000023JiJAAU,Regular,24,6.85,,
01t2z000001oCpvAAE,250ML IRN-BRU RS,,,CARBONATES,Product,,false,,,true,,24X250ML,No,,NON PMP,250ML,PET,24,No,Soft Drinks,2210160,,,,false,,01t2z0000023JiJAAU,Regular,24,6.85,,
01t2z000001oCpwAAE,250ML IRN-BRU 49P OB,,,CARBONATES,Product,,false,,,true,,24X250ML,No,,49P,250ML,PET,24,Yes,Soft Drinks,2210162,,,PMP - 49P,true,,01t2z0000023JiJAAU,Regular,24,6.85,,
01t2z000001oCpxAAE,250ML SF IRN-BRU,,,CARBONATES,Product,,false,,,true,,24X250ML,No,,NON PMP,250ML,PET,24,No,Soft Drinks,2210242,,,,false,,01t2z0000023JiJAAU,Regular,24,6.99,,
01t2z000001oCpyAAE,250ML BARR COLA 29P 4/£1 RS,,,CARBONATES,Product,,false,,,true,,24X250ML,No,,29p/4 x £1,250ML,PET,24,Yes,Soft Drinks,2211812,,,,false,,,,24,6.82,,
01t2z000001oCpzAAE,250ML BARR LEMONADE 29P 4/£1,,,CARBONATES,Product,,false,,,true,,24X250ML,No,,29p/4 x £1,250ML,PET,24,Yes,Soft Drinks,2212307,,,,false,,,,24,6.99,,
01t2z000001oCq0AAE,250ML BARR BUB/GUM 29P 4/£1 RS,,,CARBONATES,Product,,false,,,true,,24X250ML,No,,29p/4 x £1,250ML,PET,24,Yes,Soft Drinks,2213212,,,,false,,,,24,6.99,,
01t2z000001oCq1AAE,250ML BARR CHERRY 29P 4/£1 RS,,,CARBONATES,Product,,false,,,true,,24X250ML,No,,29p/4 x £1,250ML,PET,24,Yes,Soft Drinks,2213912,,,,false,,,,24,6.99,,
01t2z000001oCq2AAE,288ML OMJ! APPLE TANG,,,STILL,Product,,false,,,true,,27X288ML,No,,NON PMP,288ML,Tetrapack,27,No,Soft Drinks,2550900,,,,false,,,,27,8.59,,
01t2z000001oCq3AAE,288ML OMJ! VERY BERRY,,,STILL,Product,,false,,,true,,27X288ML,No,,NON PMP,288ML,Tetrapack,27,No,Soft Drinks,2557300,,,,false,,,,27,8.58,,
01t2z000001oCq4AAE,288ML KA FRUIT PUNCH 59P RS,,,STILL,Product,,false,,,true,,27X288ML,No,,59p,288ML,Tetrapack,27,Yes,Soft Drinks,2853407,,,,false,,,,27,8.75,,
01t2z000001oCq5AAE,288ML KA FRUIT PUNCH 59P,,,STILL,Product,,false,,,true,,27X288ML,No,,59p,288ML,Tetrapack,27,Yes,Soft Drinks,2853409,,,,false,,,,27,8.54,,
01t2z0000024GErAAM,Is Irn Bru 500 mL in Zone 1 or 2?,,,,Perfect Store V&D,,false,,,true,,,No,,,,,,No,,PS - E 01,,,,false,,,,0,,,
01t2z0000024GEwAAM,Is Irn Bru Energy in the Energy Zone?,,,,Perfect Store V&D,,false,,,true,,,No,,,,,,No,,PS - E 02,,,,false,,,,0,,,
01t2z0000024GEsAAM,Are Irn Bru (330 mL & 500 mL Minimum) SKU's Vertically Brand Blocked?,,,,Perfect Store V&D,,false,,,true,,,No,,,,,,No,,PS - E 03,,,,false,,,,0,,,
01t2z0000024GExAAM,Is Irn Bru Energy next to Red Bull 250 mL?,,,,Perfect Store V&D,,false,,,true,,,No,,,,,,No,,PS - E 05,,,,false,,,,0,,,
01t2z0000024GFBAA2,Is Rubicon Raw in the Energy Zone?,,,,Perfect Store V&D,,false,,,true,,,No,,,,,,No,,PS - E 07,,,,false,,,,0,,,
01t2z0000024GFaAAM,Is there a Free standing Barr soft drinks display (FSDU/Dump Bin >2 Cases) in store?,,,,Perfect Store V&D,,false,,,true,,,No,,,,,,No,,PS - E 17,,,,false,,,,0,,,
01t2z00000231DGAAY,AG Barr,,,,Category,,false,,,true,,,No,,,,,,No,,,,,,false,,,,0,,,
01t2z0000023JiXAAU,Strathmore,,,,Brand,,false,,,true,,,No,,,,,,No,,,,,,false,,01t2z0000023JiIAAU,,0,,,
01t2z0000024GFQAA2,Is Rubicon 330 mL or 500 mL Sparkling next to Fanta?,,,,Perfect Store V&D,,false,,,true,,,No,,,,,,No,,PS - E 11,,,,false,,,,0,,,
01t2z0000024GFRAA2,Is Rubicon Spring next to Flavoured Water?,,,,Perfect Store V&D,,false,,,true,,,No,,,,,,No,,PS - E 12,,,,false,,,,0,,,
01t2z000001oCq6AAE,288ML KA STRAWBERRY 59P RS,,,STILL,Product,,false,,,true,,27X288ML,No,,59p,288ML,Tetrapack,27,Yes,Soft Drinks,2854307,,,,false,,,,27,8.75,,
01t2z000001oCq7AAE,288ML KA STRAWBERRY 59P,,,STILL,Product,,false,,,true,,27X288ML,No,,59p,288ML,Tetrapack,27,Yes,Soft Drinks,2854309,,,,false,,,,27,8.54,,
01t2z000001oCq8AAE,288ML KA BLACK GRAPE 59P RS,,,STILL,Product,,false,,,true,,27X288ML,No,,59p,288ML,Tetrapack,27,Yes,Soft Drinks,2854407,,,,false,,,,27,8.75,,
01t2z000001oCq9AAE,288ML KA BLACK GRAPE 59P,,,STILL,Product,,false,,,true,,27X288ML,No,,59p,288ML,Tetrapack,27,Yes,Soft Drinks,2854409,,,,false,,,,27,8.54,,
01t2z000001oCqAAAU,288ML KA PINEAPPLE 59P RS,,,STILL,Product,,false,,,true,,27X288ML,No,,59p,288ML,Tetrapack,27,Yes,Soft Drinks,2854607,,,,false,,,,27,8.75,,
01t2z000001oCqBAAU,288ML KA PINEAPPLE 59P,,,STILL,Product,,false,,,true,,27X288ML,No,,59p,288ML,Tetrapack,27,Yes,Soft Drinks,2854609,,,,false,,,,27,8.54,,
01t2z000001oCqCAAU,288ML R/CON MANGO RS,,,STILL,Product,,false,,,true,,27X288ML,No,,NON PMP,288ML,Tetrapack,27,No,Soft Drinks,2954120,,,,false,,01t2z0000023JiTAAU,Regular,27,8.75,,
01t2z000001oCqDAAU,288ML R/CON MANGO 65P RS,,,STILL,Product,,false,,,true,,27X288ML,No,,65P,288ML,Tetrapack,27,Yes,Soft Drinks,2954121,,,PMP - 65P,true,,01t2z0000023JiTAAU,Regular,27,8.75,,
01t2z000001oCqEAAU,288ML R/CON MANGO,,,STILL,Product,,false,,,true,,27X288ML,No,,NON PMP,288ML,Tetrapack,27,No,Soft Drinks,2954123,,,,false,,01t2z0000023JiTAAU,Regular,27,8.75,,
01t2z000001oCqFAAU,288ML R/CON MANGO 65P,,,STILL,Product,,false,,,true,,27X288ML,No,,65P,288ML,Tetrapack,27,Yes,Soft Drinks,2954124,,,PMP - 65P,true,,01t2z0000023JiTAAU,Regular,27,8.75,,
01t2z000001oCqGAAU,288ML R/CON PINEAPPLE,,,STILL,Product,,false,,,true,,27X288ML,No,,NON PMP,288ML,Tetrapack,27,No,Soft Drinks,2955600,,,,false,,01t2z0000023JiTAAU,Regular,27,8.54,,
01t2z000001oCqHAAU,288ML SUN EX PINECO 59P/6.49,,,STILL,Product,,false,,,true,,27X288ML,No,,59p/£6.49,288ML,Tetrapack,27,Yes,Soft Drinks,2965611,,,,false,,,,27,8.75,,
01t2z000001oCqIAAU,288ML SUN EX PINE CO 59P/6.49,,,STILL,Product,,false,,,true,,27X288ML,No,,59p/£6.49,288ML,Tetrapack,27,Yes,Soft Drinks,2965612,,,,false,,,,27,8.75,,
01t2z000001oCqJAAU,288ML SUN EX TROP 59P/6.49 RS,,,STILL,Product,,false,,,true,,27X288ML,No,,59p/£6.49,288ML,Tetrapack,27,Yes,Soft Drinks,2967510,,,,false,,,,27,8.75,,
01t2z000001oCqKAAU,288ML SUN EX TROPICAL 59P,,,STILL,Product,,false,,,true,,27X288ML,No,,59p,288ML,Tetrapack,27,Yes,Soft Drinks,2967513,,,,false,,,,27,8.75,,
01t2z000001oCqLAAU,250MLX8 IRN-BRU,,,CARBONATES,Product,,false,,,true,,8X250ML,No,,NON PMP,250ML,PET,8,No,Soft Drinks,3010114,,,,false,,01t2z0000023JiJAAU,Regular,8,6.9,,
01t2z000001oCqMAAU,250MLX8 IRN-BRU RS,,,CARBONATES,Product,,false,,,true,,8X250ML,No,,NON PMP,250ML,PET,8,No,Soft Drinks,3010160,,,,false,,01t2z0000023JiJAAU,Regular,8,6.9,,
01t2z000001oCqNAAU,250MLX8 SF IRN-BRU,,,CARBONATES,Product,,false,,,true,,8X250ML,No,,NON PMP,250ML,PET,8,No,Soft Drinks,3010241,,,,false,,01t2z0000023JiJAAU,Regular,8,6.79,,
01t2z000001oCqOAAU,473ML SNAPPLE PINK LEMONADE,,,STILL,Product,,false,,,true,,12X473ML,No,,NON PMP,473ml,Glass,12,No,Soft Drinks,3142010,,,,false,,,,12,9.05,,
01t2z000001oCqPAAU,473ML SNAPPLE LEMONADE,,,STILL,Product,,false,,,true,,12X473ML,No,,NON PMP,473ml,Glass,12,No,Soft Drinks,3142310,,,,false,,,,12,9.05,,
01t2z000001oCqQAAU,473ML SNAPPLE FRUIT PUNCH,,,STILL,Product,,false,,,true,,12X473ML,No,,NON PMP,473ml,Glass,12,No,Soft Drinks,3143410,,,,false,,,,12,9.05,,
01t2z000001oCqRAAU,473ML SNAPPLE MANGO,,,STILL,Product,,false,,,true,,12X473ML,No,,NON PMP,473ml,Glass,12,No,Soft Drinks,3144110,,,,false,,,,12,9.05,,
01t2z000001oCqSAAU,473ML SNAPPLE PEACH TEA NS,,,STILL,Product,,false,,,true,,12X473ML,No,,NON PMP,473ml,Glass,12,No,Soft Drinks,3144210,,,,false,,,,12,8.8,,
01t2z000001oCqTAAU,473ML SNAPPLE APPLE,,,STILL,Product,,false,,,true,,12X473ML,No,,NON PMP,473ml,Glass,12,No,Soft Drinks,3145810,,,,false,,,,12,9.05,,
01t2z000001oCqUAAU,473ML SNAPPLE KIWI STRAWBERRY,,,STILL,Product,,false,,,true,,12X473ML,No,,NON PMP,473ml,Glass,12,No,Soft Drinks,3149310,,,,false,,,,12,9.05,,
01t2z000001oCqVAAU,500MLX6 IRN-BRU RS,,,CARBONATES,Product,,false,,,true,,6x500ml,No,,NON PMP,500ML,PET,6,No,Soft Drinks,3190140,,,,false,,01t2z0000023JiJAAU,Regular,6,12.97,,
01t2z000001oCqWAAU,500ML IRN-BRU RS,,,CARBONATES,Product,,false,,,true,,12X500ML,No,,NON PMP,500ML,PET,12,No,Soft Drinks,3210130,,,,false,,01t2z0000023JiJAAU,Regular,12,6.65,,
01t2z000001oCqXAAU,500ML IRN-BRU RS 99P,,,CARBONATES,Product,,false,,,true,,12X500ML,No,,99P,500ML,PET,12,Yes,Soft Drinks,3210131,,,PMP - 99P,true,,01t2z0000023JiJAAU,Regular,12,6.65,,
01t2z000001oCqYAAU,500ML IRN-BRU,,,CARBONATES,Product,,false,,,true,,12X500ML,No,,NON PMP,500ML,PET,12,No,Soft Drinks,3210134,,,,false,,01t2z0000023JiJAAU,Regular,12,6.67,,
01t2z000001oCqZAAU,500ML IRN-BRU £1,,,CARBONATES,Product,,false,,,true,,12X500ML,No,,1,500ML,PET,12,Yes,Soft Drinks,3210137,,,PMP - 1,true,,01t2z0000023JiJAAU,Regular,12,6.67,,
01t2z000001oCqaAAE,500ML SF IRN-BRU £1,,,CARBONATES,Product,,false,,,true,,12X500ML,No,,1,500ML,PET,12,Yes,Soft Drinks,3210237,,,PMP - 1,true,,01t2z0000023JiJAAU,Regular,12,6.57,,
01t2z000001oCqbAAE,500ML SF IRN-BRU,,,CARBONATES,Product,,false,,,true,,12X500ML,No,,NON PMP,500ML,PET,12,No,Soft Drinks,3210240,,,,false,,01t2z0000023JiJAAU,Regular,12,6.85,,
01t2z000001oCqcAAE,500ML SF IRN-BRU 99P,,,CARBONATES,Product,,false,,,true,,12X500ML,No,,99P,500ML,PET,12,Yes,Soft Drinks,3210255,,,PMP - 99P,true,,01t2z0000023JiJAAU,Regular,12,6.85,,
01t2z000001oCqdAAE,500ML TIZER 99P,,,CARBONATES,Product,,false,,,true,,12X500ML,No,,99P,500ML,PET,12,Yes,Soft Drinks,3210755,,,,false,,,,12,6.85,,
01t2z000001oCqeAAE,500ML BARR FRTY LEMDE CHRY 89P,,,CARBONATES,Product,,false,,,true,,12X500ML,No,,89P,500ML,PET,12,Yes,Soft Drinks,3211253,,,,false,,,,12,6.85,,
01t2z000001oCqfAAE,500ML DNB 99P,,,CARBONATES,Product,,false,,,true,,12X500ML,No,,99P,500ML,PET,12,Yes,Soft Drinks,3211355,,,,false,,,,12,6.85,,
01t2z000001oCqgAAE,500ML BARR COLA RS 79P,,,CARBONATES,Product,,false,,,true,,12X500ML,No,,79P,500ML,PET,12,Yes,Soft Drinks,3211860,,,,false,,,,12,6.62,,
01t2z000001oCqhAAE,500ML BARR ORANGEADE RS,,,CARBONATES,Product,,false,,,true,,12X500ML,No,,NON PMP,500ML,PET,12,No,Soft Drinks,3212200,,,,false,,,,12,6.59,,
01t2z000001oCqiAAE,500ML BARR LEMONADE 79P,,,CARBONATES,Product,,false,,,true,,12X500ML,No,,79P,500ML,PET,12,Yes,Soft Drinks,3212360,,,,false,,,,12,6.85,,
01t2z000001oCqjAAE,500ML BARR LIMEADE RS 79P,,,CARBONATES,Product,,false,,,true,,12X500ML,No,,79P,500ML,PET,12,Yes,Soft Drinks,3212560,,,,false,,,,12,6.59,,
01t2z000001oCqkAAE,500ML IRN-BRU XTRA,,,CARBONATES,Product,,false,,,true,,12X500ML,No,,NON PMP,500ML,PET,12,No,Soft Drinks,3212800,,,,false,,01t2z0000023JiJAAU,Regular,12,6.85,,
01t2z000001oCqlAAE,500ML IRN-BRU XTRA £1,,,CARBONATES,Product,,false,,,true,,12X500ML,No,,1,500ML,PET,12,Yes,Soft Drinks,3212837,,,PMP - 1,true,,01t2z0000023JiJAAU,Regular,12,6.57,,
01t2z000001oCqmAAE,500ML IRN-BRU XTRA 99P,,,CARBONATES,Product,,false,,,true,,12X500ML,No,,99P,500ML,PET,12,Yes,Soft Drinks,3212855,,,PMP - 99P,true,,01t2z0000023JiJAAU,Regular,12,6.85,,
01t2z000001oCqnAAE,500ML BARR RED KOLA,,,CARBONATES,Product,,false,,,true,,12X500ML,No,,NON PMP,500ML,PET,12,No,Soft Drinks,3212900,,,,false,,,,12,6.85,,
01t2z000001oCqoAAE,500ML BARR RED KOLA 99P,,,CARBONATES,Product,,false,,,true,,12X500ML,No,,99P,500ML,PET,12,Yes,Soft Drinks,3212955,,,,false,,,,12,6.85,,
01t2z000001oCqpAAE,500ML BARR C/SODA RS 79P,,,CARBONATES,Product,,false,,,true,,12X500ML,No,,79P,500ML,PET,12,Yes,Soft Drinks,3213160,,,,false,,,,12,6.59,,
01t2z000001oCqqAAE,500ML BARR BUBBLEGUM RS 79P,,,CARBONATES,Product,,false,,,true,,12X500ML,No,,79P,500ML,PET,12,Yes,Soft Drinks,3213260,,,,false,,,,12,6.85,,
01t2z000001oCqrAAE,500ML BARR CHERRYADE RS 79P,,,CARBONATES,Product,,false,,,true,,12X500ML,No,,79P,500ML,PET,12,Yes,Soft Drinks,3213960,,,,false,,,,12,6.85,,
01t2z000001oCqsAAE,500ML BARR FRTY LEMDE BLUE 89P,,,CARBONATES,Product,,false,,,true,,12X500ML,No,,89P,500ML,PET,12,Yes,Soft Drinks,3216853,,,,false,,,,12,6.85,,
01t2z000001oCqtAAE,500MLX24 STRATHMORE STL,,,STILL,Product,,false,,,true,,24X500ML,No,,NON PMP,500ML,PET,24,No,Soft Drinks,3277905,,,,false,,01t2z0000023JiXAAU,Still,24,13.05,,
01t2z000001oCquAAE,500MLX24 STRATHMORE SPK,,,CARBONATES,Product,,false,,,true,,24X500ML,No,,NON PMP,500ML,PET,24,No,Soft Drinks,3278005,,,,false,,01t2z0000023JiXAAU,Sparkling,24,13.18,,
01t2z000001oCqvAAE,500ML S/MORE STL SPORT,,,STILL,Product,,false,,,true,,24X500ML,No,,NON PMP,500ML,PET,24,No,Soft Drinks,3337905,,,,false,,,,24,13.05,,
01t2z000001oCqwAAE,500ML KA FRUIT PUNCH £1,,,CARBONATES,Product,,false,,,true,,12X500ML,No,,1,500ML,PET,12,Yes,Soft Drinks,3413416,,,,false,,,,12,6.64,,
01t2z000001oCqxAAE,500ML KA BLACK GRAPE 99P RS,,,CARBONATES,Product,,false,,,true,,12X500ML,No,,99P,500ML,PET,12,Yes,Soft Drinks,3414413,,,,false,,,,12,6.85,,
01t2z000001oCqyAAE,500ML KA BLACK GRAPE £1,,,CARBONATES,Product,,false,,,true,,12X500ML,No,,1,500ML,PET,12,Yes,Soft Drinks,3414416,,,,false,,,,12,6.64,,
01t2z000001oCqzAAE,500ML KA KOLA £1,,,CARBONATES,Product,,false,,,true,,12X500ML,No,,1,500ML,PET,12,Yes,Soft Drinks,3414516,,,,false,,,,12,6.64,,
01t2z000001oCr0AAE,500ML KA PINEAPPLE 99P RS,,,CARBONATES,Product,,false,,,true,,12X500ML,No,,99P,500ML,PET,12,Yes,Soft Drinks,3414613,,,,false,,,,12,6.85,,
01t2z000001oCr1AAE,500ML KA PINEAPPLE £1 OB,,,CARBONATES,Product,,false,,,true,,12X500ML,No,,1,500ML,PET,12,Yes,Soft Drinks,3414616,,,,false,,,,12,6.64,,
01t2z000001oCr2AAE,500ML KA PINEAPPLE £1,,,CARBONATES,Product,,false,,,true,,12X500ML,No,,1,500ML,PET,12,Yes,Soft Drinks,3414617,,,,false,,,,12,6.64,,
01t2z000001oCr3AAE,500ML R/CON SPG BLKCHRYRASP,,,CARBONATES,Product,,false,,,true,,12X500ML,No,,NON PMP,500ML,PET,12,No,Soft Drinks,3432107,,,,false,,01t2z0000023JiTAAU,Regular,12,6.41,,
01t2z000001oCr4AAE,500ML R/CON SPG BLK CHY RAS £1,,,CARBONATES,Product,,false,,,true,,12X500ML,No,,1,500ML,PET,12,Yes,Soft Drinks,3432110,,,PMP - 1,true,,01t2z0000023JiTAAU,Regular,12,6.41,,
01t2z000001oCr5AAE,500ML R/CON SPG PINE PASSION,,,CARBONATES,Product,,false,,,true,,12X500ML,No,,NON PMP,500ML,PET,12,No,Soft Drinks,3435607,,,,false,,01t2z0000023JiTAAU,Regular,12,6.41,,
01t2z000001oCr6AAE,500ML R/CON SPG PINEPASSION £1,,,CARBONATES,Product,,false,,,true,,12X500ML,No,,1,500ML,PET,12,Yes,Soft Drinks,3435610,,,PMP - 1,true,,01t2z0000023JiTAAU,Regular,12,6.41,,
01t2z000001oCr7AAE,500ML R/CON SPG ORANGE MANGO,,,CARBONATES,Product,,false,,,true,,12X500ML,No,,NON PMP,500ML,PET,12,No,Soft Drinks,3437107,,,,false,,01t2z0000023JiTAAU,Regular,12,6.41,,
01t2z000001oCr8AAE,500ML R/CON SPG ORNGE MANGO £1,,,CARBONATES,Product,RUBICON SPRING,true,,,true,,12X500ML,No,,1,500ML,PET,12,Yes,Soft Drinks,3437110,,3437110,PMP - 1,true,,01t2z0000023JiTAAU,Regular,12,6.41,,
01t2z000001oCr9AAE,500ML R/CON SPG STRAW KIWI,,,CARBONATES,Product,,false,,,true,,12X500ML,No,,NON PMP,500ML,PET,12,No,Soft Drinks,3439307,,,,false,,01t2z0000023JiTAAU,Regular,12,6.41,,
01t2z000001oCrAAAU,500ML R/CON SPG STRAW KIWI £1,,,CARBONATES,Product,,false,,,true,,12X500ML,No,,1,500ML,PET,12,Yes,Soft Drinks,3439310,,,PMP - 1,true,,01t2z0000023JiTAAU,Regular,12,6.41,,
01t2z0000024GF6AAM,Is Irn Bru (Any) POS In-situ in the Chiller?,,,,Perfect Store V&D,,false,,,true,,,No,,,,,,No,,PS - E 06,,,,false,,,,0,,,
01t2z0000023JiSAAU,Soft Drinks,,,,Category,,false,,,true,,,No,,,,,,No,,,,,,false,,01t2z00000231DGAAY,,0,,,
01t2z0000023JiTAAU,Rubicon,,,,Brand,,false,,,true,,,No,,,,,,No,,,,,,false,,01t2z0000023JiSAAU,,0,,,
01t2z0000024GF1AAM,"Is Irn Bru 330 mL or 500 mL next to Fanta, Coke or Dr Pepper?",,,,Perfect Store V&D,,false,,,true,,,No,,,,,,No,,PS - E 04,,,,false,,,,0,,,
01t2z0000024GFVAA2,Are Other AG Barr Families Vertically Brand Blocked?,,,,Perfect Store V&D,,false,,,true,,,No,,,,,,No,,PS - E 15,,,,false,,,,0,,,
01t2z0000024GFWAA2,Is AG Barr (Any) POS In-situ on the fixture?,,,,Perfect Store V&D,,false,,,true,,,No,,,,,,No,,PS - E 16,,,,false,,,,0,,,
01t2z000001oCrBAAU,500ML R/CON RAW RASP/BLUEBERRY,,,CARBONATES,Product,,false,,,true,,12X500ML,No,,NON PMP,500ML,Cans,12,No,Soft Drinks,3650600,,,,false,,01t2z0000023JiTAAU,Regular,12,6.6,,
01t2z000001oCrCAAU,500ML R/CON RAW RASP/BLUE 1.29,,,CARBONATES,Product,,false,,,true,,12X500ML,No,,1.29,500ML,Cans,12,Yes,Soft Drinks,3650601,,,PMP - 1.29,true,,01t2z0000023JiTAAU,Regular,12,6.6,,
01t2z000001oCrDAAU,500ML R/CON RAW CHERRY/POM,,,CARBONATES,Product,,false,,,true,,12X500ML,No,,NON PMP,500ML,Cans,12,No,Soft Drinks,3652100,,,,false,,01t2z0000023JiTAAU,Regular,12,6.6,,
01t2z000001oCrEAAU,500ML R/CON RAW CHRRY/POM 1.29,,,CARBONATES,Product,,false,,,true,,12X500ML,No,,1.29,500ML,Cans,12,Yes,Soft Drinks,3652101,,,PMP - 1.29,true,,01t2z0000023JiTAAU,Regular,12,6.6,,
01t2z000001oCrFAAU,500ML R/CON RAW APP GUAVA 1.29,,,CARBONATES,Product,,false,,,true,,12X500ML,No,,1.29,500ML,Cans,12,Yes,Soft Drinks,3655801,,,PMP - 1.29,true,,01t2z0000023JiTAAU,Regular,12,5.86,,
01t2z000001oCrGAAU,500ML R/CON RAW ORANGE/MANGO,,,CARBONATES,Product,,false,,,true,,12X500ML,No,,NON PMP,500ML,Cans,12,No,Soft Drinks,3657100,,,,false,,01t2z0000023JiTAAU,Regular,12,6.6,,
01t2z000001oCrHAAU,500ML R/CON RAW ORG/MANG 1.29,,,CARBONATES,Product,,false,,,true,,12X500ML,No,,1.29,500ML,Cans,12,Yes,Soft Drinks,3657101,,,PMP - 1.29,true,,01t2z0000023JiTAAU,Regular,12,6.6,,
01t2z000001oCrIAAU,500ML XYBER CHERRY/RASP 89P,,,CARBONATES,Product,,false,,,true,,12X500ML,No,,89P,500ML,Cans,12,Yes,Soft Drinks,3662101,,,,false,,,,12,6.61,,
01t2z000001oCrJAAU,500ML XYBER ORIGINAL 89P,,,CARBONATES,Product,,false,,,true,,12X500ML,No,,89P,500ML,Cans,12,Yes,Soft Drinks,3666901,,,,false,,,,12,6.61,,
01t2z000001oCrKAAU,500ML XYBER MANGO/PASSION 89P,,,CARBONATES,Product,,false,,,true,,12X500ML,No,,89P,500ML,Cans,12,Yes,Soft Drinks,3667101,,,,false,,,,12,6.61,,
01t2z000001oCrLAAU,500MLX4 R/CON RAW RASP BLUEBER,,,CARBONATES,Product,,false,,,true,,4X500ML,No,,NON PMP,500ML,Cans,4,No,Soft Drinks,3670600,,,,false,,01t2z0000023JiTAAU,Regular,4,13.15,,
01t2z000001oCrMAAU,500MLX4 R/CON RAW ORNGE MANGO,,,CARBONATES,Product,,false,,,true,,4X500ML,No,,NON PMP,500ML,Cans,4,No,Soft Drinks,3677100,,,,false,,01t2z0000023JiTAAU,Regular,4,13.15,,
01t2z000001oCrNAAU,500ML IRN-BRU CANS,,,CARBONATES,Product,,false,,,true,,12X500ML,No,,NON PMP,500ML,Cans,12,No,Soft Drinks,3840106,,,,false,,01t2z0000023JiJAAU,Regular,12,6.62,,
01t2z000001oCrOAAU,330ML IRN-BRU 1901,,,CARBONATES,Product,,false,,,true,,12X330ML,No,,NON PMP,330ML,Cans,12,No,Soft Drinks,3840107,,,,false,,01t2z0000023JiJAAU,Regular,12,4.48,,
01t2z000001oCrPAAU,500MLX12 IRN-BRU CAN,,,CARBONATES,Product,,false,,,true,,12X500ML,No,,NON PMP,500ML,Cans,12,No,Soft Drinks,3840120,,,,false,,01t2z0000023JiJAAU,Regular,12,6.59,,
01t2z000001oCrQAAU,500MLX12 IRN-BRU XTRA CAN,,,CARBONATES,Product,,false,,,true,,12X500ML,No,,NON PMP,500ML,Cans,12,No,Soft Drinks,3842800,,,,false,,01t2z0000023JiJAAU,Regular,12,6.93,,
01t2z000001oCrRAAU,500ML IRN-BRU ENERGY,,,CARBONATES,Product,,false,,,true,,12X500ML,No,,NON PMP,500ML,Cans,12,No,Soft Drinks,3846900,,,,false,,01t2z0000023JiJAAU,Energy,12,6.76,,
01t2z000001oCrSAAU,500ML IRN-BRU ENERGY £1,,,CARBONATES,Product,,false,,,true,,12X500ML,No,,1,500ML,Cans,12,Yes,Soft Drinks,3846901,,,PMP - 1,true,,01t2z0000023JiJAAU,Energy,12,6.76,,
01t2z000001oCrTAAU,500ML IRN-BRU ENERGY 1.29,,,CARBONATES,Product,,false,,,true,,12X500ML,No,,1.29,500ML,Cans,12,Yes,Soft Drinks,3846905,,,PMP - 1.29,true,,01t2z0000023JiJAAU,Energy,12,6.76,,
01t2z000001oCrUAAU,500ML IRN-BRU ENERGY NS,,,CARBONATES,Product,,false,,,true,,12X500ML,No,,NON PMP,500ML,Cans,12,No,Soft Drinks,3847000,,,,false,,01t2z0000023JiJAAU,Energy,12,6.5,,
01t2z000001oCrVAAU,500ML IRN-BRU ENERGY NS £1,,,CARBONATES,Product,,false,,,true,,12X500ML,No,,1,500ML,Cans,12,Yes,Soft Drinks,3847001,,,PMP - 1,true,,01t2z0000023JiJAAU,Energy,12,6.5,,
01t2z000001oCrWAAU,500ML IRN-BRU ENERGY NS 1.19,,,CARBONATES,Product,,false,,,true,,12X500ML,No,,1.19,500ML,Cans,12,Yes,Soft Drinks,3847004,,,PMP - 1.19,true,,01t2z0000023JiJAAU,Energy,12,6.5,,
01t2z000001oCrXAAU,500ML R/CON STL MANGO 1.19,,,STILL,Product,,false,,,true,,12X500ML,No,,1.19,500ML,PET,12,Yes,Soft Drinks,3894107,,,PMP - 1.19,true,,01t2z0000023JiTAAU,Regular,12,6.59,,
01t2z000001oCrYAAU,500ML R/CON RASP PINE 99P,,,CARBONATES,Product,,false,,,true,,12X500ML,No,,99P,500ML,PET,12,Yes,Soft Drinks,3910620,,,PMP - 99P,true,,01t2z0000023JiTAAU,Regular,12,6.69,,
01t2z000001oCrZAAU,500ML R/CON RASPBERRY PINE £1,,,CARBONATES,Product,,false,,,true,,12X500ML,No,,1,500ML,PET,12,Yes,Soft Drinks,3910623,,,PMP - 1,true,,01t2z0000023JiTAAU,Regular,12,6.67,,
01t2z000001oCraAAE,500ML R/CON MANGO RS,,,CARBONATES,Product,,false,,,true,,12X500ML,No,,NON PMP,500ML,PET,12,No,Soft Drinks,3914119,,,,false,,01t2z0000023JiTAAU,Regular,12,6.69,,
01t2z000001oCrbAAE,500ML R/CON MANGO 99P RS,,,CARBONATES,Product,,false,,,true,,12X500ML,No,,99P,500ML,PET,12,Yes,Soft Drinks,3914120,,,PMP - 99P,true,,01t2z0000023JiTAAU,Regular,12,6.69,,
01t2z0000024GFLAA2,Are Rubicon Sparkling (330 mL & 500 mL Minimum) SKU's Vertically Brand Blocked?,,,,Perfect Store V&D,,false,,,true,,,No,,,,,,No,,PS - E 10,,,,false,,,,0,,,
01t2z0000024GFMAA2,Is Rubicon Raw next to Monster Energy?,,,,Perfect Store V&D,,false,,,true,,,No,,,,,,No,,PS - E 13,,,,false,,,,0,,,
01t2z0000024GFNAA2,Is Rubicon (Any) POS In-situ in the Chiller?,,,,Perfect Store V&D,,false,,,true,,,No,,,,,,No,,PS - E 14,,,,false,,,,0,,,
01t2z0000024GFGAA2,Is Rubicon Mango 500 mL in Zone 1 or 2?,,,,Perfect Store V&D,,false,,,true,,,No,,,,,,No,,PS - E 08,,,,false,,,,0,,,
01t2z0000024GFHAA2,Is Rubicon Mango 500 mL in Zone 1 or 2?,,,,Perfect Store V&D,,false,,,true,,,No,,,,,,No,,PS - E 09,,,,false,,,,0,,,
01t2z000001oCrcAAE,500ML R/CON MANGO £1,,,CARBONATES,Product,RUBCION SPARKLING,true,,,true,,12X500ML,No,,1,500ML,PET,12,Yes,Soft Drinks,3914123,,3914123,PMP - 1,true,,01t2z0000023JiTAAU,Regular,12,6.67,,
01t2z000001oCrdAAE,500ML R/CON PASSION RS,,,CARBONATES,Product,,false,,,true,,12X500ML,No,,NON PMP,500ML,PET,12,No,Soft Drinks,3918319,,,,false,,01t2z0000023JiTAAU,Regular,12,6.69,,
01t2z000001oCreAAE,500ML R/CON PASSION,,,CARBONATES,Product,,false,,,true,,12X500ML,No,,NON PMP,500ML,PET,12,No,Soft Drinks,3918322,,,,false,,01t2z0000023JiTAAU,Regular,12,6.68,,
01t2z000001oCrfAAE,500ML R/CON PASSION £1,,,CARBONATES,Product,,false,,,true,,12X500ML,No,,1,500ML,PET,12,Yes,Soft Drinks,3918323,,,PMP - 1,true,,01t2z0000023JiTAAU,Regular,12,6.68,,
01t2z000001oCrgAAE,500ML R/CON GUAVA RS,,,CARBONATES,Product,,false,,,true,,12X500ML,No,,NON PMP,500ML,PET,12,No,Soft Drinks,3918419,,,,false,,01t2z0000023JiTAAU,Regular,12,6.69,,
01t2z000001oCrhAAE,500ML R/CON GUAVA,,,CARBONATES,Product,,false,,,true,,12X500ML,No,,NON PMP,500ML,PET,12,No,Soft Drinks,3918422,,,,false,,01t2z0000023JiTAAU,Regular,12,6.67,,
01t2z000001oCriAAE,500ML R/CON GUAVA £1,,,CARBONATES,Product,,false,,,true,,12X500ML,No,,1,500ML,PET,12,Yes,Soft Drinks,3918423,,,PMP - 1,true,,01t2z0000023JiTAAU,Regular,12,6.67,,
01t2z000001oCrjAAE,1L IRN-BRU,,,CARBONATES,Product,GROUP,false,,,true,,12X1L,No,,NON PMP,1L,PET,12,No,Soft Drinks,4010142,,4010142,This is a PLAIN pack...so very plain,true,,01t2z0000023JiJAAU,Regular,12,13.24,,
01t2z000001oCrkAAE,1L IRN-BRU RS,,,CARBONATES,Product,,false,,,true,,12X1L,No,,NON PMP,1L,PET,12,No,Soft Drinks,4010160,,,,false,,01t2z0000023JiJAAU,Regular,12,13.26,,
01t2z000001oCrlAAE,1L SF IRN-BRU,,,CARBONATES,Product,,false,,,true,,12X1L,No,,NON PMP,1L,PET,12,No,Soft Drinks,4010240,,,,false,,01t2z0000023JiJAAU,Regular,12,13.52,,
01t2z000001oCrmAAE,1L IRN-BRU XTRA,,,CARBONATES,Product,,false,,,true,,12X1L,No,,NON PMP,1L,PET,12,No,Soft Drinks,4012840,,,,false,,01t2z0000023JiJAAU,Regular,12,13.52,,
01t2z000001oCrnAAE,1L KA FRUIT PUNCH 2/2 1.19,,,STILL,Product,,false,,,true,,12X1L,No,,£1.19/2x£2.00,1L,Tetrapack,12,Yes,Soft Drinks,4653410,,,,false,,,,12,13.21,,
01t2z000001oCroAAE,1L KA STRAWBERRY 2/2 1.19,,,STILL,Product,,false,,,true,,12X1L,No,,£1.19/2x£2.00,1L,Tetrapack,12,Yes,Soft Drinks,4654310,,,,false,,,,12,13.21,2,
01t2z000001oCrpAAE,1L KA BLACK GRAPE 2/2 1.19,,,STILL,Product,,false,,,true,,12X1L,No,,£1.19/2x£2.00,1L,Tetrapack,12,Yes,Soft Drinks,4654410,,,,false,,,,12,13.21,,
01t2z000001oCrqAAE,1L KA PINEAPPLE 2/2 1.19,,,STILL,Product,,false,,,true,,12X1L,No,,£1.19/2x£2.00,1L,Tetrapack,12,Yes,Soft Drinks,4654610,,,,false,,,,12,13.21,,
01t2z000001oCrrAAE,1L R/CON MANGO RS,,,STILL,Product,,false,,,true,,12X1L,No,,NON PMP,1L,Tetrapack,12,No,Soft Drinks,4874106,,,,false,,01t2z0000023JiTAAU,Regular,12,13.6,,
01t2z000001oCrsAAE,1L R/CON MANGO 1.19 RS,,,STILL,Product,,false,,,true,,12X1L,No,,1.19,1L,Tetrapack,12,Yes,Soft Drinks,4874107,,,PMP - 1.19,true,,01t2z0000023JiTAAU,Regular,12,13.6,,
01t2z000001oCrtAAE,1L R/CON MANGO,,,STILL,Product,,false,,,true,,12X1L,No,,NON PMP,1L,Tetrapack,12,No,Soft Drinks,4874109,,,,false,,01t2z0000023JiTAAU,Regular,12,13.2,,
01t2z000001oCruAAE,1L R/CON MANGO 1.29,,,STILL,Product,,false,,,true,,12X1L,No,,1.29,1L,Tetrapack,12,Yes,Soft Drinks,4874110,,,PMP - 1.29,true,,01t2z0000023JiTAAU,Regular,12,13.2,,
01t2z000001oCrvAAE,1L R/CON PINEAPPLE 1.29,,,STILL,Product,,false,,,true,,12X1L,No,,1.29,1L,Tetrapack,12,Yes,Soft Drinks,4875610,,,PMP - 1.29,true,,01t2z0000023JiTAAU,Regular,12,13.21,,
01t2z0000023JiNAAU,Alcohol,,,,Category,,false,,,true,,,No,,,,,,No,,,,,,false,,01t2z00000231DGAAY,,0,,,
01t2z000001oCrwAAE,1L R/CON POM RS,,,STILL,Product,,false,,,true,,12X1L,No,,NON PMP,1L,Tetrapack,12,No,Soft Drinks,4876806,,,,false,,01t2z0000023JiTAAU,Regular,12,13.6,,
01t2z000001oCrxAAE,1L R/CON POM 1.19 RS,,,STILL,Product,,false,,,true,,12X1L,No,,1.19,1L,Tetrapack,12,Yes,Soft Drinks,4876807,,,PMP - 1.19,true,,01t2z0000023JiTAAU,Regular,12,13.6,,
01t2z000001oCryAAE,1L R/CON POMEGRANATE,,,STILL,Product,,false,,,true,,12X1L,No,,NON PMP,1L,Tetrapack,12,No,Soft Drinks,4876809,,,,false,,01t2z0000023JiTAAU,Regular,12,13.25,,
01t2z000001oCrzAAE,1L R/CON POMEGRANATE 1.29,,,STILL,Product,,false,,,true,,12X1L,No,,1.29,1L,Tetrapack,12,Yes,Soft Drinks,4876810,,,PMP - 1.29,true,,01t2z0000023JiTAAU,Regular,12,13.25,,
01t2z000001oCs0AAE,1L R/CON PASSION RS,,,STILL,Product,,false,,,true,,12X1L,No,,NON PMP,1L,Tetrapack,12,No,Soft Drinks,4878306,,,,false,,01t2z0000023JiTAAU,Regular,12,13.6,,
01t2z000001oCs1AAE,1L R/CON PASSION 1.19 RS,,,STILL,Product,,false,,,true,,12X1L,No,,1.19,1L,Tetrapack,12,Yes,Soft Drinks,4878307,,,PMP - 1.19,true,,01t2z0000023JiTAAU,Regular,12,13.6,,
01t2z000001oCs2AAE,1L R/CON PASSION,,,STILL,Product,,false,,,true,,12X1L,No,,NON PMP,1L,Tetrapack,12,No,Soft Drinks,4878309,,,,false,,01t2z0000023JiTAAU,Regular,12,13.24,,
01t2z000001oCs3AAE,1L R/CON PASSION 1.29,,,STILL,Product,,false,,,true,,12X1L,No,,1.29,1L,Tetrapack,12,Yes,Soft Drinks,4878310,,,PMP - 1.29,true,,01t2z0000023JiTAAU,Regular,12,13.24,,
01t2z000001oCs4AAE,1L R/CON GUAVA RS,,,STILL,Product,,false,,,true,,12X1L,No,,NON PMP,1L,Tetrapack,12,No,Soft Drinks,4878406,,,,false,,01t2z0000023JiTAAU,Regular,12,13.6,,
01t2z000001oCs5AAE,1L R/CON GUAVA 1.19 RS,,,STILL,Product,,false,,,true,,12X1L,No,,1.19,1L,Tetrapack,12,Yes,Soft Drinks,4878407,,,PMP - 1.19,true,,01t2z0000023JiTAAU,Regular,12,13.6,,
01t2z000001oCs6AAE,1L R/CON GUAVA,,,STILL,Product,,false,,,true,,12X1L,No,,NON PMP,1L,Tetrapack,12,No,Soft Drinks,4878409,,,,false,,01t2z0000023JiTAAU,Regular,12,13.2,,
01t2z000001oCs7AAE,1L R/CON GUAVA 1.29,,,STILL,Product,,false,,,true,,12X1L,No,,1.29,1L,Tetrapack,12,Yes,Soft Drinks,4878410,,,PMP - 1.29,true,,01t2z0000023JiTAAU,Regular,12,13.1,,
01t2z000001oCs8AAE,1L R/CON LYCHEE RS,,,STILL,Product,,false,,,true,,12X1L,No,,NON PMP,1L,Tetrapack,12,No,Soft Drinks,4878606,,,,false,,01t2z0000023JiTAAU,Regular,12,13.6,,
01t2z000001oCs9AAE,1L R/CON LYCHEE,,,STILL,Product,,false,,,true,,12X1L,No,,NON PMP,1L,Tetrapack,12,No,Soft Drinks,4878609,,,,false,,01t2z0000023JiTAAU,Regular,12,13.2,,
01t2z000001oCsAAAU,1L R/CON WATERMELON 1.19 RS,,,STILL,Product,,false,,,true,,12X1L,No,,1.19,1L,Tetrapack,12,Yes,Soft Drinks,4879107,,,PMP - 1.19,true,,01t2z0000023JiTAAU,Regular,12,13.6,,
01t2z000001oCsBAAU,1L R/CON WATERMELON 1.29,,,STILL,Product,,false,,,true,,12X1L,No,,1.29,1L,Tetrapack,12,Yes,Soft Drinks,4879110,,,PMP - 1.29,true,,01t2z0000023JiTAAU,Regular,12,13.21,,
01t2z000001oCsCAAU,1L SUN EXOTIC CIT TWIST £1 RS,,,STILL,Product,,false,,,true,,12X1L,No,,1,1L,Tetrapack,12,Yes,Soft Drinks,4960519,,,,false,,,,12,13.6,,
01t2z000001oCsDAAU,1L SUN EXOTIC CIT TWS 1.19 2/2,,,STILL,Product,,false,,,true,,12X1L,No,,£1.19/2x£2.00,1L,Tetrapack,12,Yes,Soft Drinks,4960523,,,,false,,,,12,13.6,,
01t2z000001oCsEAAU,1L SUN EX PINE COCO £1,,,STILL,Product,,false,,,true,,12X1L,No,,1,1L,Tetrapack,12,Yes,Soft Drinks,4965621,,,,false,,,,12,13.6,,
01t2z000001oCsFAAU,1L SUN EX PINE COCO 1.19 2/2,,,STILL,Product,,false,,,true,,12X1L,No,,£1.19/2x£2.00,1L,Tetrapack,12,Yes,Soft Drinks,4965623,,,,false,,,,12,13.6,,
01t2z000001oCsGAAU,1L SUN EX TROPICAL £1 RS,,,STILL,Product,,false,,,true,,12X1L,No,,1,1L,Tetrapack,12,Yes,Soft Drinks,4967519,,,,false,,,,12,13.6,,
01t2z000001oCsHAAU,1L SUN EX TROPICAL 1.19 2/2,,,STILL,Product,,false,,,true,,12X1L,No,,£1.19/2x£2.00,1L,Tetrapack,12,Yes,Soft Drinks,4967523,,,,false,,,,12,13.6,,
01t2z000001oCsIAAU,2L TIZER,,,CARBONATES,Product,,false,,,true,,6X2L,No,,NON PMP,2L,PET,6,No,Soft Drinks,5010700,,,,false,,,,6,13.21,,
01t2z000001oCsJAAU,2L TIZER £1.19 2/£2,,,CARBONATES,Product,,false,,,true,,6X2L,No,,£1.19/2x£2.00,2L,PET,6,Yes,Soft Drinks,5010711,,,,false,,,,6,13.21,,
01t2z000001oCsKAAU,2L TIZER £1,,,CARBONATES,Product,,false,,,true,,6X2L,No,,1,2L,PET,6,Yes,Soft Drinks,5010716,,,,false,,,,6,13.21,,
01t2z000001oCsLAAU,2L DNB £1.19 2/£2,,,CARBONATES,Product,,false,,,true,,6X2L,No,,£1.19/2x£2.00,2L,PET,6,Yes,Soft Drinks,5011311,,,,false,,,,6,13.21,,
01t2z000001oCsMAAU,2L BARR COLA £1.19 2/£2,,,CARBONATES,Product,,false,,,true,,6X2L,No,,£1.19/2x£2.00,2L,PET,6,Yes,Soft Drinks,5011811,,,,false,,,,6,12.82,,
01t2z000001oCsNAAU,2L BARR COLA RS,,,CARBONATES,Product,,false,,,true,,6X2L,No,,NON PMP,2L,PET,6,No,Soft Drinks,5011842,,,,false,,,,6,12.82,,
01t2z000001oCsOAAU,2L BARR COLA £1 RS,,,CARBONATES,Product,,false,,,true,,6X2L,No,,1,2L,PET,6,Yes,Soft Drinks,5011843,,,,false,,,,6,12.82,,
01t2z000001oCsPAAU,2L BARR DIET COLA,,,CARBONATES,Product,,false,,,true,,6X2L,No,,NON PMP,2L,PET,6,No,Soft Drinks,5011900,,,,false,,,,6,13.21,,
01t2z000001oCsQAAU,2L BARR DIET COLA £1.19 2/£2,,,CARBONATES,Product,,false,,,true,,6X2L,No,,£1.19/2x£2.00,2L,PET,6,Yes,Soft Drinks,5011911,,,,false,,,,6,13.21,,
01t2z000001oCsRAAU,2L BARR DIET COLA £1,,,CARBONATES,Product,,false,,,true,,6X2L,No,,1,2L,PET,6,Yes,Soft Drinks,5011916,,,,false,,,,6,13.21,,
01t2z000001oCsSAAU,2L BARR ORANGEADE £1.19 2/£2,,,CARBONATES,Product,,false,,,true,,6X2L,No,,£1.19/2x£2.00,2L,PET,6,Yes,Soft Drinks,5012211,,,,false,,,,6,12.78,,
01t2z000001oCsTAAU,2L BARR ORANGEADE £1 RS,,,CARBONATES,Product,,false,,,true,,6X2L,No,,1,2L,PET,6,Yes,Soft Drinks,5012243,,,,false,,,,6,12.78,,
01t2z000001oCsUAAU,2L BARR LEMONADE,,,CARBONATES,Product,,false,,,true,,6X2L,No,,NON PMP,2L,PET,6,No,Soft Drinks,5012300,,,,false,,,,6,13.21,,
01t2z000001oCsVAAU,2L BARR LEMONADE £1.19 2/£2,,,CARBONATES,Product,,false,,,true,,6X2L,No,,£1.19/2x£2.00,2L,PET,6,Yes,Soft Drinks,5012311,,,,false,,,,6,13.21,,
01t2z000001oCsWAAU,2L BARR LEMONADE £1,,,CARBONATES,Product,,false,,,true,,6X2L,No,,1,2L,PET,6,Yes,Soft Drinks,5012316,,,,false,,,,6,13.21,,
01t2z000001oCsXAAU,2L BARR DT LEMONADE £1.19 2/£2,,,CARBONATES,Product,,false,,,true,,6X2L,No,,£1.19/2x£2.00,2L,PET,6,Yes,Soft Drinks,5012411,,,,false,,,,6,13.21,,
01t2z000001oCsYAAU,2L BARR DT LEMONADE £1,,,CARBONATES,Product,,false,,,true,,6X2L,No,,1,2L,PET,6,Yes,Soft Drinks,5012416,,,,false,,,,6,13.21,,
01t2z000001oCsZAAU,2L BARR LIMEADE £1.19 2/£2,,,CARBONATES,Product,,false,,,true,,6X2L,No,,£1.19/2x£2.00,2L,PET,6,Yes,Soft Drinks,5012511,,,,false,,,,6,12.76,,
01t2z000001oCsaAAE,2L BARR RED KOLA,,,CARBONATES,Product,,false,,,true,,6X2L,No,,NON PMP,2L,PET,6,No,Soft Drinks,5012900,,,,false,,,,6,13.21,,
01t2z000001oCsbAAE,2L BARR RED KOLA £1.19 2/£2,,,CARBONATES,Product,,false,,,true,,6X2L,No,,£1.19/2x£2.00,2L,PET,6,Yes,Soft Drinks,5012911,,,,false,,,,6,13.21,,
01t2z000001oCscAAE,2L BARR RED KOLA £1,,,CARBONATES,Product,,false,,,true,,6X2L,No,,1,2L,PET,6,Yes,Soft Drinks,5012916,,,,false,,,,6,13.21,,
01t2z000001oCsdAAE,2L BARR CREAM SODA £1.19 2/£2,,,CARBONATES,Product,,false,,,true,,6X2L,No,,£1.19/2x£2.00,2L,PET,6,Yes,Soft Drinks,5013111,,,,false,,,,6,12.75,,
01t2z000001oCseAAE,2L BARR CREAM SODA RS,,,CARBONATES,Product,,false,,,true,,6X2L,No,,NON PMP,2L,PET,6,No,Soft Drinks,5013142,,,,false,,,,6,12.75,,
01t2z000001oCsfAAE,2L BARR CREAM SODA £1 RS,,,CARBONATES,Product,,false,,,true,,6X2L,No,,1,2L,PET,6,Yes,Soft Drinks,5013143,,,,false,,,,6,12.75,,
01t2z000001oCsgAAE,2L BARR BUBBLEGUM £1.19 2/£2,,,CARBONATES,Product,,false,,,true,,6X2L,No,,£1.19/2x£2.00,2L,PET,6,Yes,Soft Drinks,5013211,,,,false,,,,6,13.21,,
01t2z000001oCshAAE,2L BARR BUBBLEGUM £1 RS,,,CARBONATES,Product,,false,,,true,,6X2L,No,,1,2L,PET,6,Yes,Soft Drinks,5013243,,,,false,,,,6,13.21,,
01t2z000001oCsiAAE,2L BARR SHANDYADE £1.19 2/£2,,,CARBONATES,Product,,false,,,true,,6X2L,No,,£1.19/2x£2.00,2L,PET,6,Yes,Soft Drinks,5013311,,,,false,,,,6,12.83,,
01t2z000001oCsjAAE,2L BARR SHANDYADE £1,,,CARBONATES,Product,,false,,,true,,6X2L,No,,1,2L,PET,6,Yes,Soft Drinks,5013343,,,,false,,,,6,12.83,,
01t2z000001oCskAAE,2L BARR GINGER BEER £1.19 2/£2,,,CARBONATES,Product,,false,,,true,,6X2L,No,,£1.19/2x£2.00,2L,PET,6,Yes,Soft Drinks,5013511,,,,false,,,,6,13.21,,
01t2z000001oCslAAE,2L BARR GINGER BEER £1 RS,,,CARBONATES,Product,,false,,,true,,6X2L,No,,1,2L,PET,6,Yes,Soft Drinks,5013543,,,,false,,,,6,13.21,,
01t2z000001oCsmAAE,2L BARR CHERRYADE £1.19 2/£2,,,CARBONATES,Product,,false,,,true,,6X2L,No,,£1.19/2x£2.00,2L,PET,6,Yes,Soft Drinks,5013911,,,,false,,,,6,13.21,,
01t2z000001oCsnAAE,2L BARR CHERRYADE £1 RS,,,CARBONATES,Product,,false,,,true,,6X2L,No,,1,2L,PET,6,Yes,Soft Drinks,5013943,,,,false,,,,6,13.21,,
01t2z0000023JiIAAU,Waters,,,,Category,,false,,,true,,,No,,,,,,No,,,,,,false,,01t2z00000231DGAAY,,0,,,
01t2z0000023JiJAAU,Irn Brew,,,,Brand,,false,,,true,,,No,,,,,,No,,,,,,false,,01t2z0000023JiSAAU,,0,,,
01t2z000001oCsoAAE,2L BARR RASPBERRY £1.19 2/£2,,,CARBONATES,Product,,false,,,true,,6X2L,No,,£1.19/2x£2.00,2L,PET,6,Yes,Soft Drinks,5014011,,,,false,,,,6,12.65,,
01t2z000001oCspAAE,2L BARR RASPBERRY £1 RS,,,CARBONATES,Product,,false,,,true,,6X2L,No,,1,2L,PET,6,Yes,Soft Drinks,5014043,,,,false,,,,6,12.65,,
01t2z000001oCsqAAE,2L BARR XTRA COLA £1.19 2/£2,,,CARBONATES,Product,,false,,,true,,6X2L,No,,£1.19/2x£2.00,2L,PET,6,Yes,Soft Drinks,5014511,,,,false,,,,6,13.21,,
01t2z000001oCsrAAE,2L BARR PINEAPPLE £1,,,CARBONATES,Product,,false,,,true,,6X2L,No,,1,2L,PET,6,Yes,Soft Drinks,5015600,,,,false,,,,6,12.76,,
01t2z000001oCssAAE,2L BARR PINEAPPLE £1.19 2/£2,,,CARBONATES,Product,,false,,,true,,6X2L,No,,£1.19/2x£2.00,2L,PET,6,Yes,Soft Drinks,5015611,,,,false,,,,6,12.76,,
01t2z000001oCstAAE,2L R/CON RASP PINE 1.49,,,CARBONATES,Product,,false,,,true,,6X2L,No,,1.49,2L,PET,6,Yes,Soft Drinks,5050616,,,PMP - 1.49,true,,01t2z0000023JiTAAU,Regular,6,12.88,,
01t2z000001oCsuAAE,2L R/CON RASP PINE 1.69 2/£3,,,CARBONATES,Product,,false,,,true,,6X2L,No,,£1.69 2/£3.00,2L,PET,6,Yes,Soft Drinks,5050618,,,PMP - £1.69 2/£3.00,true,,01t2z0000023JiTAAU,Regular,6,12.88,,
01t2z000001oCsvAAE,2L RUBICON MANGO 1.49,,,CARBONATES,Product,,false,,,true,,6X2L,No,,1.49,2L,PET,6,Yes,Soft Drinks,5054116,,,PMP - 1.49,true,,01t2z0000023JiTAAU,Regular,6,13.21,,
01t2z000001oCswAAE,2L RUBICON MANGO 1.69 2/£3,,,CARBONATES,Product,,false,,,true,,6X2L,No,,£1.69 2/£3.00,2L,PET,6,Yes,Soft Drinks,5054118,,,PMP - £1.69 2/£3.00,true,,01t2z0000023JiTAAU,Regular,6,12.88,,
01t2z000001oCsxAAE,2L RUBICON PASSION 1.49,,,CARBONATES,Product,,false,,,true,,6X2L,No,,1.49,2L,PET,6,Yes,Soft Drinks,5058316,,,PMP - 1.49,true,,01t2z0000023JiTAAU,Regular,6,13.21,,
01t2z000001oCsyAAE,2L RUBICON PASSION 1.69 2/£3,,,CARBONATES,Product,,false,,,true,,6X2L,No,,£1.69 2/£3.00,2L,PET,6,Yes,Soft Drinks,5058318,,,PMP - £1.69 2/£3.00,true,,01t2z0000023JiTAAU,Regular,6,12.88,,
01t2z000001oCszAAE,2L IRN-BRU 1.49 OB1,,,CARBONATES,Product,,false,,,true,,6X2L,No,,1.49,2L,PET,6,Yes,Soft Drinks,5060127,,,PMP - 1.49,true,,01t2z0000023JiJAAU,Regular,6,12.87,,
01t2z000001oCt0AAE,2L IRN-BRU,,,CARBONATES,Product,,false,,,true,,6X2L,No,,NON PMP,2L,PET,6,No,Soft Drinks,5060129,,,,false,,01t2z0000023JiJAAU,Regular,6,12.87,,
01t2z000001oCt1AAE,2L IRN-BRU 1.49,,,CARBONATES,Product,,false,,,true,,6X2L,No,,1.49,2L,PET,6,Yes,Soft Drinks,5060131,,,PMP - 1.49,true,,01t2z0000023JiJAAU,Regular,6,12.87,,
01t2z000001oCt2AAE,2L IRN-BRU 1.69 2/£3,,,CARBONATES,Product,,false,,,true,,6X2L,No,,£1.69 2/£3.00,2L,PET,6,Yes,Soft Drinks,5060132,,,PMP - £1.69 2/£3.00,true,,01t2z0000023JiJAAU,Regular,6,12.87,,
01t2z000001oCt3AAE,2L IRN-BRU RS,,,CARBONATES,Product,,false,,,true,,6X2L,No,,NON PMP,2L,PET,6,No,Soft Drinks,5060140,,,,false,,01t2z0000023JiJAAU,Regular,6,12.87,,
01t2z000001oCt4AAE,2L SF IRN-BRU 1.49,,,CARBONATES,Product,,false,,,true,,6X2L,No,,1.49,2L,PET,6,Yes,Soft Drinks,5060227,,,PMP - 1.49,true,,01t2z0000023JiJAAU,Regular,6,13.21,,
01t2z000001oCt5AAE,2L SF IRN-BRU 1.69 2/£3,,,CARBONATES,Product,,false,,,true,,6X2L,No,,£1.69 2/£3.00,2L,PET,6,Yes,Soft Drinks,5060232,,,PMP - £1.69 2/£3.00,true,,01t2z0000023JiJAAU,Regular,6,13.21,,
01t2z000001oCt6AAE,2L IRN-BRU XTRA 1.49,,,CARBONATES,Product,,false,,,true,,6X2L,No,,1.49,2L,PET,6,Yes,Soft Drinks,5062827,,,PMP - 1.49,true,,01t2z0000023JiJAAU,Regular,6,13.21,,
01t2z000001oCt7AAE,2L IRN-BRU XTRA 1.69 2/£3,,,CARBONATES,Product,,false,,,true,,6X2L,No,,£1.69 2/£3.00,2L,PET,6,Yes,Soft Drinks,5062832,,,PMP - £1.69 2/£3.00,true,,01t2z0000023JiJAAU,Regular,6,13.21,,
01t2z000001oCt8AAE,2L SF IRN-BRU,,,CARBONATES,Product,,false,,,true,,6X2L,No,,NON PMP,2L,PET,6,No,Soft Drinks,5070200,,,,false,,01t2z0000023JiJAAU,Regular,6,13.21,,
01t2z000001oCt9AAE,2L IRN-BRU XTRA,,,CARBONATES,Product,,false,,,true,,6X2L,No,,NON PMP,2L,PET,6,No,Soft Drinks,5072800,,,,false,,01t2z0000023JiJAAU,Regular,6,13.21,,
01t2z000001oCtAAAU,2L KA FRUIT PUNCH 1.79 RS,,,CARBONATES,Product,,false,,,true,,6X2L,No,,1.79,2L,PET,6,Yes,Soft Drinks,5213418,,,,false,,,,6,13.21,,
01t2z000001oCtBAAU,2L KA FRUIT PUNCH 1.79,,,CARBONATES,Product,,false,,,true,,6X2L,No,,1.79,2L,PET,6,Yes,Soft Drinks,5213425,,,,false,,,,6,12.88,,
01t2z000001oCtCAAU,2L KA STRAWBERRY 1.79 RS,,,CARBONATES,Product,,false,,,true,,6X2L,No,,1.79,2L,PET,6,Yes,Soft Drinks,5214318,,,,false,,,,6,13.21,,
01t2z000001oCtDAAU,2L KA STRAWBERRY 1.79,,,CARBONATES,Product,,false,,,true,,6X2L,No,,1.79,2L,PET,6,Yes,Soft Drinks,5214325,,,,false,,,,6,12.88,,
01t2z000001oCnxAAE,330ML IRN-BRU,,,CARBONATES,Product,,false,,,true,,24X330ML,No,,NON PMP,330ML,Cans,24,No,Soft Drinks,410156,,,,false,,01t2z0000023JiJAAU,Regular,24,8.78,,
01t2z000001oCnyAAE,330ML IRN-BRU 69P,,,CARBONATES,Product,,false,,,true,,24X330ML,No,,69P,330ML,Cans,24,Yes,Soft Drinks,3914123,,,PMP - 69P,true,,01t2z0000023JiJAAU,Regular,24,8.76,,
01t2z000001oCnzAAE,330ML IRN-BRU RS,,,CARBONATES,Product,,false,,,true,,24X330ML,No,,NON PMP,330ML,Cans,24,No,Soft Drinks,410160,,,,false,,01t2z0000023JiJAAU,Regular,24,8.76,,
01t2z000001oCo0AAE,330ML IRN-BRU 69P OB,,,CARBONATES,Product,,false,,,true,,24X330ML,No,,69P,330ML,Cans,24,Yes,Soft Drinks,410162,,,PMP - 69P,true,,01t2z0000023JiJAAU,Regular,24,8.77,,
01t2z000001oCo1AAE,330ML SF IRN-BRU,,,CARBONATES,Product,,false,,,true,,24X330ML,No,,NON PMP,330ML,Cans,24,No,Soft Drinks,410240,,,,false,,01t2z0000023JiJAAU,Regular,24,9.07,,
01t2z000001oCo2AAE,330ML SF IRN-BRU 69P,,,CARBONATES,Product,,false,,,true,,24X330ML,No,,69P,330ML,Cans,24,Yes,Soft Drinks,410262,,,PMP - 69P,true,,01t2z0000023JiJAAU,Regular,24,9.07,,
01t2z000001oCo3AAE,330ML TIZER 55P,,,CARBONATES,Product,,false,,,true,,24X330ML,No,,55p,330ML,Cans,24,Yes,Soft Drinks,410755,,,,false,,,,24,9.07,,
01t2z000001oCo4AAE,330ML DNB,,,CARBONATES,Product,,false,,,true,,24X330ML,No,,NON PMP,330ML,Cans,24,No,Soft Drinks,411300,,,,false,,,,24,9.07,,
01t2z000001oCo5AAE,330ML DNB 55P,,,CARBONATES,Product,,false,,,true,,24X330ML,No,,55p,330ML,Cans,24,Yes,Soft Drinks,411355,,,,false,,,,24,9.07,,
01t2z000001oCo6AAE,330ML IRN-BRU XTRA,,,CARBONATES,Product,,false,,,true,,24X330ML,No,,NON PMP,330ML,Cans,24,No,Soft Drinks,412800,,,,false,,01t2z0000023JiJAAU,Regular,24,9.07,,
01t2z000001oCo7AAE,330ML IRN-BRU XTRA 69P,,,CARBONATES,Product,,false,,,true,,24X330ML,No,,69P,330ML,Cans,24,Yes,Soft Drinks,412862,,,PMP - 69P,true,,01t2z0000023JiJAAU,Regular,24,9.07,,
01t2z000001oCo8AAE,330ML S/MORE STL NRGB,,,STILL,Product,,false,,,true,,24X330ML,No,,NON PMP,330ML,Glass,24,No,Soft Drinks,487905,,,,false,,,,24,13.37,,
01t2z000001oCo9AAE,330ML S/MORE SPK NRGB,,,CARBONATES,Product,,false,,,true,,24X330ML,No,,NON PMP,330ML,Glass,24,No,Soft Drinks,488005,,,,false,,,,24,13.37,,
01t2z000001oCoAAAU,330ML SIM FTY ORANGE,,,STILL,Product,,false,,,true,,12X330ML,No,,NON PMP,330ML,PET,12,No,Soft Drinks,502627,,,,false,,,,12,4.43,,
01t2z000001oCoBAAU,330ML SIM FTY STRAWBERRY,,,STILL,Product,,false,,,true,,12X330ML,No,,NON PMP,330ML,PET,12,No,Soft Drinks,504327,,,,false,,,,12,4.42,,
01t2z000001oCoCAAU,330ML SIM FTY APPLE OB4,,,STILL,Product,,false,,,true,,12X330ML,No,,NON PMP,330ML,PET,12,No,Soft Drinks,505821,,,,false,,,,12,4.29,,
01t2z000001oCoDAAU,330ML SIM FTY APPLE,,,STILL,Product,,false,,,true,,12X330ML,No,,NON PMP,330ML,PET,12,No,Soft Drinks,505827,,,,false,,,,12,4.43,,
01t2z000001oCoEAAU,330ML SIM FTY BLCKCURRNT APPLE,,,STILL,Product,,false,,,true,,12X330ML,No,,NON PMP,330ML,PET,12,No,Soft Drinks,506727,,,,false,,,,12,4.42,,
01t2z000001oCoFAAU,330ML S/MORE SPORT PET,,,STILL,Product,,false,,,true,,30x330ml,No,,NON PMP,330ML,PET,30,No,Soft Drinks,517900,,,,false,,,,30,11.09,,
01t2z000001oCoGAAU,330ML S/MORE STL PET,,,STILL,Product,,false,,,true,,30x330ml,No,,NON PMP,330ML,PET,30,No,Soft Drinks,537900,,,,false,,,,30,11.09,,
01t2z000001oCoHAAU,330ML KA CITRUS PUNCH 79P,,,CARBONATES,Product,,false,,,true,,24X330ML,No,,79P,330ML,Cans,24,Yes,Soft Drinks,610525,,,,false,,,,24,9.02,,
01t2z000001oCoIAAU,330ML KA FRT PUNCH 59P 2/£1,,,CARBONATES,Product,,false,,,true,,24X330ML,No,,59P/2x£1.00,330ML,Cans,24,Yes,Soft Drinks,613420,,,,false,,,,24,9.07,,
01t2z000001oCoJAAU,330ML KA FRUIT PUNCH 59P 2/£1,,,CARBONATES,Product,,false,,,true,,24X330ML,No,,59P/2x£1.00,330ML,Cans,24,Yes,Soft Drinks,613422,,,,false,,,,24,9.07,,
01t2z000001oCoKAAU,330MLKA STRAWBERRY 59P 2/£1OB1,,,CARBONATES,Product,,false,,,true,,24X330ML,No,,59P/2x£1.00,330ML,Cans,24,Yes,Soft Drinks,614320,,,,false,,,,24,9.07,,
01t2z000001oCoLAAU,330ML KA STRAWBERRY 59P 2/£1,,,CARBONATES,Product,,false,,,true,,24X330ML,No,,59P/2x£1.00,330ML,Cans,24,Yes,Soft Drinks,614322,,,,false,,,,24,8.76,,
01t2z000001oCoMAAU,330ML KA BLACKGRAPE 59P 2/£1,,,CARBONATES,Product,,false,,,true,,24X330ML,No,,59P/2x£1.00,330ML,Cans,24,Yes,Soft Drinks,614420,,,,false,,,,24,9.07,,
01t2z000001oCoNAAU,330ML KA BLACK GRAPE 59P 2/£1,,,CARBONATES,Product,,false,,,true,,24X330ML,No,,59P/2x£1.00,330ML,Cans,24,Yes,Soft Drinks,614422,,,,false,,,,24,8.76,,
01t2z000001oCoOAAU,330ML KA KOLA 59P 2/£1,,,CARBONATES,Product,,false,,,true,,24X330ML,No,,59P/2x£1.00,330ML,Cans,24,Yes,Soft Drinks,614520,,,,false,,,,24,9.07,,
01t2z000001oCtEAAU,2L KA BLACK GRAPE 1.79,,,CARBONATES,Product,,false,,,true,,6X2L,No,,1.79,2L,PET,6,Yes,Soft Drinks,5214425,,,,false,,,,6,12.88,,
01t2z000001oCtFAAU,2L KA KOLA 1.79 RS,,,CARBONATES,Product,,false,,,true,,6X2L,No,,1.79,2L,PET,6,Yes,Soft Drinks,5214518,,,,false,,,,6,13.21,,
01t2z000001oCtGAAU,2L KA PINEAPPLE 1.79 RS,,,CARBONATES,Product,,false,,,true,,6X2L,No,,1.79,2L,PET,6,Yes,Soft Drinks,5214618,,,,false,,,,6,13.21,,
01t2z000001oCtHAAU,2L KA PINEAPPLE 1.79,,,CARBONATES,Product,,false,,,true,,6X2L,No,,1.79,2L,PET,6,Yes,Soft Drinks,5214624,,,,false,,,,6,12.88,,
01t2z000001oCtIAAU,2L KA PINEAPPLE 1.79 OBS,,,CARBONATES,Product,,false,,,true,,6X2L,No,,1.79,2L,PET,6,Yes,Soft Drinks,5214625,,,,false,,,,6,12.88,,
01t2z000001oCtJAAU,330ML SAN BEN LIMONE,,,CARBONATES,Product,,false,,,true,,24X330ML,No,,NON PMP,330ML,Cans,24,No,Soft Drinks,6755401,,,,false,,,,24,8.85,,
01t2z000001oCtKAAU,330ML SAN BEN CLEMENTINA,,,CARBONATES,Product,,false,,,true,,24X330ML,No,,NON PMP,330ML,Cans,24,No,Soft Drinks,6759001,,,,false,,,,24,8.85,,
01t2z000001oCtLAAU,330ML IRN-BRU NRGB,,,CARBONATES,Product,,false,,,true,,24X330ML,No,,NON PMP,330ML,Glass,24,No,Soft Drinks,7550102,,,,false,,01t2z0000023JiJAAU,Regular,24,13.88,,
01t2z000001oCtMAAU,330MLX24 IRN-BRU RS GLASS,,,CARBONATES,Product,,false,,,true,,24X330ML,No,,NON PMP,330ML,Glass,24,No,Soft Drinks,7550140,,,,false,,01t2z0000023JiJAAU,Regular,24,13.88,,
01t2z000001oCtNAAU,330MLX24 SF IRN-BRU GLASS,,,CARBONATES,Product,,false,,,true,,24X330ML,No,,NON PMP,330ML,Glass,24,No,Soft Drinks,7550201,,,,false,,01t2z0000023JiJAAU,Regular,24,14.1,,
01t2z000001oCtOAAU,750ML IRN-BRU RS NRGB,,,CARBONATES,Product,,false,,,true,,12X750ML,No,,NON PMP,750ML,Glass,12,No,Soft Drinks,7610120,,,,false,,01t2z0000023JiJAAU,Regular,12,17,,
01t2z000001oCtPAAU,750ML IRN-BRU NRGB,,,CARBONATES,Product,,false,,,true,,12X750ML,No,,NON PMP,750ML,Glass,12,No,Soft Drinks,7610123,,,,false,,01t2z0000023JiJAAU,Regular,12,16.62,,
01t2z000001oCtQAAU,750ML IRN-BRU 1.29 NRGB,,,CARBONATES,Product,,false,,,true,,12X750ML,No,,1.29,750ML,Glass,12,Yes,Soft Drinks,7610124,,,PMP - 1.29,true,,01t2z0000023JiJAAU,Regular,12,16.62,,
01t2z000001oCtRAAU,750ML IRN-BRU 1901,,,CARBONATES,Product,,false,,,true,,12X750ML,No,,NON PMP,750ML,Glass,12,No,Soft Drinks,7610190,,,,false,,01t2z0000023JiJAAU,Regular,12,17.2,,
01t2z000001oCtSAAU,750ML SF IRN-BRU 1.29 NRGB,,,CARBONATES,Product,,false,,,true,,12X750ML,No,,1.29,750ML,Glass,12,Yes,Soft Drinks,7610224,,,PMP - 1.29,true,,01t2z0000023JiJAAU,Regular,12,16.46,,
01t2z000001oCtTAAU,750ML SF IRN-BRU NRGB,,,CARBONATES,Product,,false,,,true,,12X750ML,No,,NON PMP,750ML,Glass,12,No,Soft Drinks,7610263,,,,false,,01t2z0000023JiJAAU,Regular,12,16.46,,
01t2z000001oCtUAAU,750ML BARR COLA NRGB RS,,,CARBONATES,Product,,false,,,true,,12X750ML,No,,NON PMP,750ML,Glass,12,No,Soft Drinks,7611819,,,,false,,,,12,17.23,,
01t2z000001oCtVAAU,750ML BARR LEMONADE NRGB,,,CARBONATES,Product,,false,,,true,,12X750ML,No,,NON PMP,750ML,Glass,12,No,Soft Drinks,7612361,,,,false,,,,12,17.23,,
01t2z000001oCtWAAU,750ML IRN-BRU XTRA NRGB,,,CARBONATES,Product,,false,,,true,,12X750ML,No,,NON PMP,750ML,Glass,12,No,Soft Drinks,7612800,,,,false,,01t2z0000023JiJAAU,Regular,12,16.46,,
01t2z000001oCtXAAU,750ML IRN-BRU XTRA 1.29 NRGB,,,CARBONATES,Product,,false,,,true,,12X750ML,No,,1.29,750ML,Glass,12,Yes,Soft Drinks,7612824,,,PMP - 1.29,true,,01t2z0000023JiJAAU,Regular,12,16.46,,
01t2z000001oCtYAAU,750ML BARR RED KOLA NRGB,,,CARBONATES,Product,,false,,,true,,12X750ML,No,,NON PMP,750ML,Glass,12,No,Soft Drinks,7612919,,,,false,,,,12,17.23,,
01t2z000001oCtZAAU,750ML BARR ACS NRGB RS,,,CARBONATES,Product,,false,,,true,,12X750ML,No,,NON PMP,750ML,Glass,12,No,Soft Drinks,7613119,,,,false,,,,12,17.23,,
01t2z000001oCtaAAE,750ML BARR PINE NRGB RS,,,CARBONATES,Product,,false,,,true,,12X750ML,No,,NON PMP,750ML,Glass,12,No,Soft Drinks,7615619,,,,false,,,,12,17.23,,
01t2z000001oCtbAAE,750ML BARR LIMEADE NRGB RS,,,CARBONATES,Product,,false,,,true,,12X750ML,No,,NON PMP,750ML,Glass,12,No,Soft Drinks,7615719,,,,false,,,,12,17.23,,
01t2z000001oCtcAAE,750ML S/MORE STL NRGB,,,STILL,Product,,false,,,true,,12X750ML,No,,NON PMP,750ML,Glass,12,No,Soft Drinks,7627905,,,,false,,,,12,14.93,,
01t2z000001oCtdAAE,750ML S/MORE SPK NRGB,,,CARBONATES,Product,,false,,,true,,12X750ML,No,,NON PMP,750ML,Glass,12,No,Soft Drinks,7628005,,,,false,,,,12,14.93,,
01t2z000001oCoPAAU,330ML KA PINEAPPLE 59P 2/£1OB1,,,CARBONATES,Product,,false,,,true,,24X330ML,No,,59P/2x£1.00,330ML,Cans,24,Yes,Soft Drinks,614620,,,,false,,,,24,9.07,,
01t2z000001oCoQAAU,330ML KA PINEAPPLE 59P 2/£1OB2,,,CARBONATES,Product,,false,,,true,,24X330ML,No,,59P/2x£1.00,330ML,Cans,24,Yes,Soft Drinks,614622,,,,false,,,,24,8.76,,
01t2z000001oCoRAAU,330ML KA PINEAPPLE 59P 2/£1,,,CARBONATES,Product,,false,,,true,,24X330ML,No,,59P/2x£1.00,330ML,Cans,24,Yes,Soft Drinks,614624,,,,false,,,,24,8.76,,
01t2z000001oCoSAAU,330ML KA TROPICAL KRUSH 79P,,,CARBONATES,Product,,false,,,true,,24X330ML,No,,79P,330ML,Cans,24,Yes,Soft Drinks,615025,,,,false,,,,24,8.99,,
01t2z000001oCoTAAU,330ML KA STRAWBERRY SODA 79P,,,CARBONATES,Product,,false,,,true,,24X330ML,No,,79P,330ML,Cans,24,Yes,Soft Drinks,615325,,,,false,,,,24,8.97,,
01t2z000001oCoUAAU,330ML BARR COLA 59P 2/£1,,,CARBONATES,Product,,false,,,true,,24X330ML,No,,59P/2x£1.00,330ML,Cans,24,Yes,Soft Drinks,711822,,,,false,,,,24,8.73,,
01t2z000001oCoVAAU,330ML BARR COLA RS 49P,,,CARBONATES,Product,,false,,,true,,24X330ML,No,,49P,330ML,Cans,24,Yes,Soft Drinks,711830,,,,false,,,,24,8.73,,
01t2z000001oCoWAAU,330ML BARR ORANGEADE 59P 2/£1,,,CARBONATES,Product,,false,,,true,,24X330ML,No,,59P/2x£1.00,330ML,Cans,24,Yes,Soft Drinks,712222,,,,false,,,,24,8.69,,
01t2z000001oCoXAAU,330ML BARR ORANGEADE RS 49P,,,CARBONATES,Product,,false,,,true,,24X330ML,No,,49P,330ML,Cans,24,Yes,Soft Drinks,712230,,,,false,,,,24,8.69,,
01t2z000001oCoYAAU,330ML BARR LEMONADE OBS,,,CARBONATES,Product,,false,,,true,,24X330ML,No,,NON PMP,330ML,Cans,24,No,Soft Drinks,712300,,,,false,,,,24,8.67,,
01t2z000001oCoZAAU,330ML BARR LEMONADE 59P 2/£1,,,CARBONATES,Product,,false,,,true,,24X330ML,No,,59P/2x£1.00,330ML,Cans,24,Yes,Soft Drinks,712322,,,,false,,,,24,9.07,,
01t2z000001oCoaAAE,330ML BARR LEMONADE,,,CARBONATES,Product,,false,,,true,,24X330ML,No,,NON PMP,330ML,Cans,24,No,Soft Drinks,712323,,,,false,,,,24,8.69,,
01t2z000001oCobAAE,330ML BARR LEMONADE 49P,,,CARBONATES,Product,,false,,,true,,24X330ML,No,,49P,330ML,Cans,24,Yes,Soft Drinks,712330,,,,false,,,,24,9.07,,
01t2z000001oCocAAE,330ML BARR LIMEADE 59P 2/£1,,,CARBONATES,Product,,false,,,true,,24X330ML,No,,59P/2x£1.00,330ML,Cans,24,Yes,Soft Drinks,712522,,,,false,,,,24,8.69,,
01t2z000001oCodAAE,330ML BARR LIMEADE RS 49P,,,CARBONATES,Product,,false,,,true,,24X330ML,No,,49P,330ML,Cans,24,Yes,Soft Drinks,712530,,,,false,,,,24,8.69,,
01t2z000001oCoeAAE,330ML BARR C/SODA RS,,,CARBONATES,Product,,false,,,true,,24X330ML,No,,NON PMP,330ML,Cans,24,No,Soft Drinks,713119,,,,false,,,,24,8.69,,
01t2z000001oCofAAE,330ML BARR CREAM SODA 59P 2/£1,,,CARBONATES,Product,,false,,,true,,24X330ML,No,,59P/2x£1.00,330ML,Cans,24,Yes,Soft Drinks,713122,,,,false,,,,24,8.69,,
01t2z000001oCogAAE,330ML BARR CREAM SODA,,,CARBONATES,Product,,false,,,true,,24X330ML,No,,NON PMP,330ML,Cans,24,No,Soft Drinks,713123,,,,false,,,,24,8.67,,
01t2z000001oCohAAE,330ML BARR C/SODA RS 49P,,,CARBONATES,Product,,false,,,true,,24X330ML,No,,49P,330ML,Cans,24,Yes,Soft Drinks,713130,,,,false,,,,24,8.69,,
01t2z000001oCoiAAE,330ML BARR BUBBLEGUM 59P 2/£1,,,CARBONATES,Product,,false,,,true,,24X330ML,No,,59P/2x£1.00,330ML,Cans,24,Yes,Soft Drinks,713222,,,,false,,,,24,9.07,,
01t2z000001oCojAAE,330ML BARR BUBBLEGUM RS 49P,,,CARBONATES,Product,,false,,,true,,24X330ML,No,,49P,330ML,Cans,24,Yes,Soft Drinks,713230,,,,false,,,,24,9.07,,
01t2z000001oCokAAE,330ML BARR SHANDYADE 59P 2/£1,,,CARBONATES,Product,,false,,,true,,24X330ML,No,,59P/2x£1.00,330ML,Cans,24,Yes,Soft Drinks,713322,,,,false,,,,24,8.73,,
01t2z000001oColAAE,330ML BARR SHANDYADE 49P,,,CARBONATES,Product,,false,,,true,,24X330ML,No,,49P,330ML,Cans,24,Yes,Soft Drinks,713342,,,,false,,,,24,8.73,,
01t2z000001oComAAE,330ML BARR GINGERBEER 59P 2/£1,,,CARBONATES,Product,,false,,,true,,24X330ML,No,,59P/2x£1.00,330ML,Cans,24,Yes,Soft Drinks,713522,,,,false,,,,24,8.69,,
01t2z000001oConAAE,330ML BARR G/BEER RS 49P,,,CARBONATES,Product,,false,,,true,,24X330ML,No,,49P,330ML,Cans,24,Yes,Soft Drinks,713530,,,,false,,,,24,8.69,,
01t2z000001oCooAAE,330ML BARR CHERRYADE RS,,,CARBONATES,Product,,false,,,true,,24X330ML,No,,NON PMP,330ML,Cans,24,No,Soft Drinks,713919,,,,false,,,,24,9.07,,
01t2z000001oCopAAE,330ML BARR CHERRYADE 59P 2/£1,,,CARBONATES,Product,,false,,,true,,24X330ML,No,,59P/2x£1.00,330ML,Cans,24,Yes,Soft Drinks,713922,,,,false,,,,24,9.07,,
01t2z0000024GFkAAM,Is there an AG Barr stack display or second Point of Interruption >1m away from the main product,,,,Perfect Store V&D,,false,,,true,,,No,,,,,,No,,PS - E 19,,,,false,,,,0,,,
01t2z000001oCoqAAE,330ML BARR CHERRYADE,,,CARBONATES,Product,,false,,,true,,24X330ML,No,,NON PMP,330ML,Cans,24,No,Soft Drinks,713923,,,,false,,,,24,9.07,,
01t2z000001oCorAAE,330ML BARR RASPBERRY 59P 2/£1,,,CARBONATES,Product,,false,,,true,,24X330ML,No,,59P/2x£1.00,330ML,Cans,24,Yes,Soft Drinks,714022,,,,false,,,,24,8.62,,
01t2z000001oCosAAE,330ML BARR RASPBERRY RS 49P,,,CARBONATES,Product,,false,,,true,,24X330ML,No,,49P,330ML,Cans,24,Yes,Soft Drinks,714030,,,,false,,,,24,8.62,,
01t2z000001oCotAAE,330ML BARR PINEAPPLE 59P 2/£1,,,CARBONATES,Product,,false,,,true,,24X330ML,No,,59P/2x£1.00,330ML,Cans,24,Yes,Soft Drinks,715622,,,,false,,,,24,9.07,,
01t2z000001oCouAAE,330ML BARR PINEAPPLE RS 49P,,,CARBONATES,Product,,false,,,true,,24X330ML,No,,49P,330ML,Cans,24,Yes,Soft Drinks,715630,,,,false,,,,24,9.07,,
01t2z000001oCovAAE,330ML ABBOTTS GINGER BEER RS,,,CARBONATES,Product,,false,,,true,,24X330ML,No,,NON PMP,330ML,Cans,24,No,Soft Drinks,813507,,,,false,,,,24,9.07,,
01t2z000001oCowAAE,330ML ABBOTTS GINGER BEER,,,CARBONATES,Product,,false,,,true,,24X330ML,No,,NON PMP,330ML,Cans,24,No,Soft Drinks,813523,,,,false,,,,24,8.76,,
01t2z000001oCoxAAE,330ML OMJ! BERRY BLAST - ENGL,,,CARBONATES,Product,,false,,,true,,24X330ML,No,,NON PMP,330ML,Cans,24,No,Soft Drinks,840610,,,,false,,,,24,8.8,,
01t2z000001oCoyAAE,330ML OMJ! TROPICAL - ENGL,,,CARBONATES,Product,,false,,,true,,24X330ML,No,,NON PMP,330ML,Cans,24,No,Soft Drinks,847510,,,,false,,,,24,8.81,,
01t2z000001oCozAAE,330MLX24 IRN-BRU RS,,,CARBONATES,Product,,false,,,true,,24X330ML,No,,NON PMP,330ML,Cans,24,No,Soft Drinks,910145,,,,false,,01t2z0000023JiJAAU,Regular,24,8.77,,
01t2z000001oCp0AAE,330MLX24 SF IRN-BRU,,,CARBONATES,Product,,false,,,true,,24X330ML,No,,NON PMP,330ML,Cans,24,No,Soft Drinks,910240,,,,false,,01t2z0000023JiJAAU,Regular,24,8.72,,
01t2z000001oCp1AAE,330MLX24 IRN-BRU XTRA,,,CARBONATES,Product,,false,,,true,,24X330ML,No,,NON PMP,330ML,Cans,24,No,Soft Drinks,912840,,,,false,,01t2z0000023JiJAAU,Regular,24,8.72,,
01t2z000001oCp2AAE,375MLX4 B/BERG ROOT BEER RS,,,CARBONATES,Product,,false,,,true,,4x375ml,No,,NON PMP,375ML,Glass,4,No,Soft Drinks,1045100,,,,false,,,,4,14.91,,
01t2z000001oCp3AAE,375ML B/BERG GINGER BEER RS,,,CARBONATES,Product,,false,,,true,,12x375ml,No,,NON PMP,375ML,Glass,12,No,Soft Drinks,1053500,,,,false,,,,12,7.39,,
01t2z000001oCp4AAE,375ML B/BERG ROOT BEER RS,,,CARBONATES,Product,,false,,,true,,12x375ml,No,,NON PMP,375ML,Glass,12,No,Soft Drinks,1055100,,,,false,,,,12,7.39,,
01t2z000001oCp5AAE,330ML R/CON SPG BLK CHRY RASP,,,CARBONATES,Product,,false,,,true,,12X330ML,No,,NON PMP,330ML,Cans,12,No,Soft Drinks,1122100,,,,false,,01t2z0000023JiTAAU,Regular,12,4.32,,
01t2z000001oCp6AAE,330ML R/CON SPG ORANGE MANGO,,,CARBONATES,Product,,false,,,true,,12X330ML,No,,NON PMP,330ML,Cans,12,No,Soft Drinks,1127100,,,,false,,01t2z0000023JiTAAU,Regular,12,4.32,,
01t2z000001oCp7AAE,330ML IRN-BRU ENERGY,,,CARBONATES,Product,,false,,,true,,12X330ML,No,,NON PMP,330ML,Cans,12,No,Soft Drinks,1156900,,,,false,,01t2z0000023JiJAAU,Energy,12,4.55,,
01t2z000001oCp8AAE,330ML IRN-BRU ENERGY 99P,,,CARBONATES,Product,,false,,,true,,12X330ML,No,,99P,330ML,Cans,12,Yes,Soft Drinks,1156901,,,PMP - 99P,true,,01t2z0000023JiJAAU,Energy,12,4.55,,
01t2z000001oCp9AAE,330ML IRN-BRU ENERGY NS,,,CARBONATES,Product,,false,,,true,,12X330ML,No,,NON PMP,330ML,Cans,12,No,Soft Drinks,1157000,,,,false,,01t2z0000023JiJAAU,Energy,12,4.38,,
01t2z000001oCpAAAU,330ML IRN-BRU ENERGY NS 89P,,,CARBONATES,Product,,false,,,true,,12X330ML,No,,89P,330ML,Cans,12,Yes,Soft Drinks,1157001,,,PMP - 89P,true,,01t2z0000023JiJAAU,Energy,12,4.38,,
01t2z000001oCpBAAU,330MLX6 BARR COLA £2,,,CARBONATES,Product,,false,,,true,,6X330ML,No,,2,330ML,Cans,6,Yes,Soft Drinks,1261801,,,,false,,,,6,8.72,,
01t2z000001oCpCAAU,330MLX6 BARR LEMONADE £2,,,CARBONATES,Product,,false,,,true,,6X330ML,No,,2,330ML,Cans,6,No,Soft Drinks,1262301,,,,false,,,,6,8.72,,
01t2z000001oCpDAAU,330MLX6 BARR CREAM SODA £2,,,CARBONATES,Product,,false,,,true,,6X330ML,No,,2,330ML,Cans,6,Yes,Soft Drinks,1263101,,,,false,,,,6,8.72,,
01t2z000001oCpEAAU,330MLX6 BARR BUBBLEGUM £2,,,CARBONATES,Product,,false,,,true,,6X330ML,No,,2,330ML,Cans,6,Yes,Soft Drinks,1263201,,,,false,,,,6,8.72,,
01t2z000001oCpFAAU,330MLX6 BARR CHERRYADE £2,,,CARBONATES,Product,,false,,,true,,6X330ML,No,,2,330ML,Cans,6,Yes,Soft Drinks,1263901,,,,false,,,,6,8.72,,
01t2z000001oCpGAAU,330ML R/CON RASP PINE 69P,,,CARBONATES,Product,,false,,,true,,24X330ML,No,,69P,330ML,Cans,24,Yes,Soft Drinks,1410637,,,PMP - 69P,true,,01t2z0000023JiTAAU,Regular,24,8.75,,
01t2z0000024GFfAAM,Are AG Barr products activated on a fixture or rack for ambient product?,,,,Perfect Store V&D,,false,,,true,,,No,,,,,,No,,PS - E 18,,,,false,,,,0,,,
01t2z0000024GFpAAM,"Is their AG Barr POS in the window of the store, visible to consumers before they enter the shop?",,,,Perfect Store V&D,,false,,,true,,,No,,,,,,No,,PS - E 20,,,,false,,,,0,,,
01t2z000001oCpHAAU,330ML R/CON RASPBERRY PINE 75P,,,CARBONATES,Product,,false,,,true,,24X330ML,No,,75p,330ML,Cans,24,Yes,Soft Drinks,1410641,,,PMP - 75p,true,,01t2z0000023JiTAAU,Regular,24,8.76,,
01t2z000001oCpIAAU,330ML R/CON MANGO RS,,,CARBONATES,Product,,false,,,true,,24X330ML,No,,NON PMP,330ML,Cans,24,No,Soft Drinks,1414132,,,,false,,01t2z0000023JiTAAU,Regular,24,8.72,,
01t2z000001oCpJAAU,330ML R/CON MANGO 69P RS,,,CARBONATES,Product,,false,,,true,,24X330ML,No,,69P,330ML,Cans,24,Yes,Soft Drinks,1414137,,,PMP - 69P,true,,01t2z0000023JiTAAU,Regular,24,8.72,,
01t2z000001oCpKAAU,330ML R/CON MANGO 75P,,,CARBONATES,Product,,false,,,true,,24X330ML,No,,75p,330ML,Cans,24,Yes,Soft Drinks,1414141,,,PMP - 75p,true,,01t2z0000023JiTAAU,Regular,24,8.76,,
01t2z000001oCpLAAU,330ML R/CON POMEGRANATE RS,,,CARBONATES,Product,,false,,,true,,24X330ML,No,,NON PMP,330ML,Cans,24,No,Soft Drinks,1416832,,,,false,,01t2z0000023JiTAAU,Regular,24,8.72,,
01t2z000001oCpMAAU,330ML R/CON PASSION RS,,,CARBONATES,Product,,false,,,true,,24X330ML,No,,NON PMP,330ML,Cans,24,No,Soft Drinks,1418332,,,,false,,01t2z0000023JiTAAU,Regular,24,8.72,,
01t2z000001oCpNAAU,330ML R/CON PASSION 69P RS,,,CARBONATES,Product,,false,,,true,,24X330ML,No,,69P,330ML,Cans,24,Yes,Soft Drinks,1418337,,,PMP - 69P,true,,01t2z0000023JiTAAU,Regular,24,8.72,,
01t2z000001oCpOAAU,330ML R/CON PASSION,,,CARBONATES,Product,,false,,,true,,24X330ML,No,,NON PMP,330ML,Cans,24,No,Soft Drinks,1418339,,,,false,,01t2z0000023JiTAAU,Regular,24,8.76,,
01t2z000001oCpPAAU,330ML R/CON PASSION 75P,,,CARBONATES,Product,,false,,,true,,24X330ML,No,,75p,330ML,Cans,24,Yes,Soft Drinks,1418341,,,PMP - 75p,true,,01t2z0000023JiTAAU,Regular,24,8.76,,
01t2z000001oCpQAAU,330ML R/CON GUAVA RS,,,CARBONATES,Product,,false,,,true,,24X330ML,No,,NON PMP,330ML,Cans,24,No,Soft Drinks,1418432,,,,false,,01t2z0000023JiTAAU,Regular,24,8.72,,
01t2z000001oCpRAAU,330ML R/CON GUAVA 69P RS,,,CARBONATES,Product,,false,,,true,,24X330ML,No,,69P,330ML,Cans,24,Yes,Soft Drinks,1418437,,,PMP - 69P,true,,01t2z0000023JiTAAU,Regular,24,8.72,,
01t2z000001oCpSAAU,330ML R/CON GUAVA,,,CARBONATES,Product,,false,,,true,,24X330ML,No,,NON PMP,330ML,Cans,24,No,Soft Drinks,1418439,,,,false,,01t2z0000023JiTAAU,Regular,24,8.76,,
01t2z000001oCpTAAU,330ML R/CON GUAVA 75P,,,CARBONATES,Product,,false,,,true,,24X330ML,No,,75p,330ML,Cans,24,Yes,Soft Drinks,1418441,,,PMP - 75p,true,,01t2z0000023JiTAAU,Regular,24,8.76,,
01t2z000001oCpUAAU,330ML R/CON LYCHEE RS,,,CARBONATES,Product,,false,,,true,,24X330ML,No,,NON PMP,330ML,Cans,24,No,Soft Drinks,1418632,,,,false,,01t2z0000023JiTAAU,Regular,24,8.72,,
01t2z000001oCpVAAU,330ML R/CON LYCHEE 79P RS,,,CARBONATES,Product,,false,,,true,,24X330ML,No,,79P,330ML,Cans,24,Yes,Soft Drinks,1418638,,,PMP - 79P,true,,01t2z0000023JiTAAU,Regular,24,8.72,,
01t2z000001oCpWAAU,330ML R/CON LYCHEE,,,CARBONATES,Product,,false,,,true,,24X330ML,No,,NON PMP,330ML,Cans,24,No,Soft Drinks,1418639,,,,false,,01t2z0000023JiTAAU,Regular,24,8.76,,
01t2z000001oCpXAAU,330ML R/CON LYCHEE 79P,,,CARBONATES,Product,,false,,,true,,24X330ML,No,,79P,330ML,Cans,24,Yes,Soft Drinks,1418642,,,PMP - 79P,true,,01t2z0000023JiTAAU,Regular,24,8.76,,
01t2z000001oCpYAAU,330ML SUN EX PINECO 59P/6.49RS,,,CARBONATES,Product,,false,,,true,,24X330ML,No,,59p/£6.49,330ML,Cans,24,Yes,Soft Drinks,1475604,,,,false,,,,24,8.72,,
01t2z000001oCpZAAU,330ML SUN EX PINE CO 59P/6.49,,,CARBONATES,Product,,false,,,true,,24X330ML,No,,59p/£6.49,330ML,Cans,24,Yes,Soft Drinks,1475605,,,,false,,,,24,8.72,,
01t2z000001oCpaAAE,330ML SUN EX TROP 59P/6.49 RS,,,CARBONATES,Product,,false,,,true,,24X330ML,No,,59p/£6.49,330ML,Cans,24,Yes,Soft Drinks,1477504,,,,false,,,,24,8.72,,
01t2z000001oCpbAAE,330ML SUN EX TROPICAL 59P/6.49,,,CARBONATES,Product,,false,,,true,,24X330ML,No,,59p/£6.49,330ML,Cans,24,Yes,Soft Drinks,1477505,,,,false,,,,24,8.72,,
01t2z000001oCpcAAE,330MLX6 IRN-BRU £3,,,CARBONATES,Product,,false,,,true,,6X330ML,No,,3,330ML,Cans,6,Yes,Soft Drinks,1610124,,,PMP - 3,true,,01t2z0000023JiJAAU,Regular,6,8.76,,
01t2z000001oCpdAAE,330MLX6+2 IRN-BRU £3,,,CARBONATES,Product,,false,,,true,,6X330ML,No,,3,330ML,Cans,6,No,Soft Drinks,1610126,,,,false,,01t2z0000023JiJAAU,Regular,6,8.72,,
01t2z000001oCpeAAE,330MLX6 IRN-BRU £3 OB,,,CARBONATES,Product,,false,,,true,,6X330ML,No,,3,330ML,Cans,6,Yes,Soft Drinks,1610132,,,PMP - 3,true,,01t2z0000023JiJAAU,Regular,6,8.78,,
01t8d000001nzbXAAQ,King,King,,,Brand,,false,,,true,,,,,,,,,,,BRD-0002,,,,false,,,,0,,,
